bio,email,followedBy.count,follows.count,id,lastPicCode,name,query,username,location,url
876🇯🇲• 647🇨🇦||×Pro Drummer | Arranger | Future Producer×||[]📩 dyoungsam@gmail.com[]■My heart beats rhythm of my soul on DRUMS■NEW VID CHECK IT👇,dyoungsam@gmail.com,1300,1641,185743806,BT-figpBJjn,Deishawn Young Jr,jhaudio,sammo._,,null
🎧Live & Studio Audio Engineer🎙www.studiorec.com.ar📧franciscogonzalez.info@gmail.com 📍Buenos Aires, Argentina,franciscogonzalez.info@gmail.com,571,1197,540120197,BTG4yw8gRsV,Francisco J. Gonzalez,jhaudio,franjgs_,,null
Cantor e Compositor 🇧🇷Nova Música "Você é o melhor de nós".Contato@brunolacene.com.br(11)4971-8577/(11)98305-4341 Snap: brunolacenee,Contato@brunolacene.com.br,38670,5667,207374906,BT4X7PpF94G,Lacene,jhaudio,brunolacene,,null
The official page for RJ records 😈😈 we still at the bottom but let's go to the top!😏contact us at our email: RJproductions08@gmail.com,RJproductions08@gmail.com,85,40,4960848528,BUAIOcrh6OT,River Young & Jadisen Robinson,jhaudio,rj_beats_08,,https://www.instagram.com/rj_beats_08
DJ/Sound Designer ||Booking@djphivestar.com,Booking@djphivestar.com,644,932,17674240,BTpTYEXBot7,Dj Phive Star,jhaudio,djphivestar,,https://www.instagram.com/djphivestar
Your One Stop Music Entertainment 🎹Band/Orchestra for Events | Film Scoring | Studio Recording📧 soundkestra@gmail.com,soundkestra@gmail.com,929,623,1696559762,BUEVmHvAHzP,Soundkestra,jhaudio,soundkestra,,https://www.instagram.com/soundkestra
Your #1 source for updates on Hunter Hayes. Contact: hhayesontour@yahoo.comTwitter: @HunterOnTour👻: HHayesOnTourFB: @HunterOnTour,hhayesontour@yahoo.com,3178,1134,2202501479,BUFAPY4FIkF,Hunter Hayes On Tour,jhaudio,hhayesontour,,https://www.instagram.com/hhayesontour
Director of Media Relations@showsigoto | 📧 katie@showsigoto.comHoB Merch • Cotton Slinger • VIP,katie@showsigoto.com,761,729,5667795,BT-0Y1mAl6a,Katie Baldwin,jhaudio,ktb182,,https://www.instagram.com/ktb182
murilocalixto@gmail.com 21 983666240,murilocalixto@gmail.com,281,486,232967290,BQ7n7CGDb6T,Murilo Calixto,jhaudio,murilocalixto,,https://www.instagram.com/murilocalixto
Musician, Artist, Singer and Guitarist for RAISONLIFE. For inquiries: raisonlife@gmail.com, http://vk.com/larin7,raisonlife@gmail.com,535,549,253901910,BT8Shhwjijd,Artem Larin,jhaudio,raisonlife,,https://www.instagram.com/raisonlife
mgmt: Jace4life@gmail.com #WAVETOURMay. 26th - Oct. 29thGet your early bird tickets for Atlanta, May26th ↙️mrnarly.com/the-wave-tour/,Jace4life@gmail.com,14047,947,8352420,BUA-VblF9Ge,THE WAVE TOUR 🌊🏎,jhaudio,therealmrnarly,,https://www.instagram.com/therealmrnarly
U can reach me at - me@clkeysmusic.com,me@clkeysmusic.com,3742,3672,13658555,BUFRLpjDcRr,Curtis Lindsey,jhaudio,clkeys,,https://www.instagram.com/clkeys
Dancer. Artist. Cynic.nenabudi6@gmail.com,nenabudi6@gmail.com,390,1945,605042225,BT_THWflr9i,Punch Line,jhaudio,punchineline,,https://www.instagram.com/punchineline
guitar tech | currently playing with @tigersjawtalks about 🎸gear on @crossedwirespod📩: patrickolynbenson@gmail.com,patrickolynbenson@gmail.com,1765,614,2503832,BT5Kz1PjVES,Patrick Benson,jhaudio,patbenson,,https://www.instagram.com/patbenson
New @ Sovereign Cymbals artist🙏🙌☝ snapchat👻 CurlyyHeadd1 Business inquiries for drums email me @kgluckett@gmail.com Or dm,kgluckett@gmail.com,109,280,3135904349,BUCnuOZgL1n,King Kayy👑🎶,jhaudio,kingkayy_drums,,https://www.instagram.com/kingkayy_drums
📽 Realizador AV & Fotógrafo 📸📍 From Barcelona to everywhere ✈️📩 hello@paulopez.esHE with US | Next ✈️ London🇰🇾, Córdoba🇪🇸,hello@paulopez.es,3206,1946,31115353,BUCkhSmB0Ib,✖️ PAULΘPΞZ ✖️,jhaudio,paulopez11,,https://www.instagram.com/paulopez11
Brazilian Guitarrist and Composer⠀⠀⠀⠀⠀⠀⠀⠀⠀⠀@burnzband⠀⠀⠀⠀⠀⠀⠀⠀⠀⠀Contact and Endorse ✉️igor@burnz.com.br⠀⠀⠀⠀Videos/YouTube ↙️,igor@burnz.com.br,1223,1226,4935863395,BUFOWtIg3vz,Igor Pavani•Guitarist•Burnz,jhaudio,igor.pavani,,https://www.instagram.com/igor.pavani
Striving to be a better man everyday I love God my family love music Sometimes you have to lose to win again  danielpowellmusic3a@yahoo.com,danielpowellmusic3a@yahoo.com,3527,2485,21169982,BUFNsJsBgr0,Daniel Powell,jhaudio,dpondrums,,https://www.instagram.com/dpondrums
Orlando flNot a tattoo artist 💉 For bookings • Anthonylaraq@gmail.com Snapchat anthonylaraq1 taken,Anthonylaraq@gmail.com,14859,484,178270542,BT1okBtDK-P,Anthony Joel Lara Quilligana ®,jhaudio,anthonylaraq1994,,https://www.instagram.com/anthonylaraq1994
Nashville, TN 🎸🎤Bluesy/Rock/Americana Artist, session player ericdatesmusic@gmail.com for inquiries! Tone chaser 👇🏽Check out my stuff👇🏽,ericdatesmusic@gmail.com,297,265,2106692756,BUA0b2RAihy,Eric,jhaudio,ericdatesmusic,,https://www.instagram.com/ericdatesmusic
🔊 FOR ALL YOUR AUDIO NEEDS🎵 Available Online🎧 Melbourne and Sydney stores 🔊 9am-5.30 Mon-Fri + 9am-4pm Sat🖥️ Info@addictedtoaudio.com.au,Info@addictedtoaudio.com.au,206,24,1422071592,BUDibRflEXb,,jhaudio,addictedtoaudio,,https://www.instagram.com/addictedtoaudio
Drummer for HOWLAND | Wooden stick enthusiast | booking enquiries - closeuppromotions@gmail.com,closeuppromotions@gmail.com,315,344,191266221,BSGXBRzghxl,Jake Saunders,jhaudio,jakesauns,,https://www.instagram.com/jakesauns
diegonovoamusic@gmail.com,diegonovoamusic@gmail.com,845,352,559468686,BTyozsmj4B7,Diego Nóvoa,jhaudio,_diegonovoa_,,https://www.instagram.com/_diegonovoa_
Salesforce Consultant - Sales Cloud - Service Cloud - Marketing Cloud - SteelBrick CPQ - 📩 info@ral-solutions.com 📌 business inquires ONLY,info@ral-solutions.com,57,958,3948677354,BUC4cnqgi0t,Salesforce Consultant,jhaudio,ralsolutions,,https://www.instagram.com/ralsolutions
Online Mixing and Mastering engineer based in the south shore of Boston For inquiry's email me at Prubbo52@gmail.com,Prubbo52@gmail.com,54,483,4886754933,BSe1GPbAPKH,Peter Rubbo Jr,jhaudio,04twelvestudio,,https://www.instagram.com/04twelvestudio
Adventurer | Engineer | thorikulhuda@gmail.com,thorikulhuda@gmail.com,361,374,221266858,BTu0seGgAwF,Thorikul Huda,jhaudio,thorikul.huda,,https://www.instagram.com/thorikul.huda
Bookings : koketso@thetestamentmusic.com,koketso@thetestamentmusic.com,591,915,1731302828,BUEjWvvg8nH,Sir H, The Fourth.,jhaudio,koketso_nb_,,https://www.instagram.com/koketso_nb_
Valenteromann@gmail.com,Valenteromann@gmail.com,1424,994,1014673209,BT9PvQ_FV1i,Valente Román,jhaudio,valenteromann,,https://www.instagram.com/valenteromann
Manufacturer of stage lighting in Guangzhou,China! WhatsApp :8618675733453 Wechat:callmehowe Email:una@brightskylighting.com,una@brightskylighting.com,1025,4686,4795922485,BUBhd3GgEze,BrightSky Lighting Una,jhaudio,brightsky.lighting,,https://www.instagram.com/brightsky.lighting
Audio Engineer / Producer @ Compact Audio Recording Studio - Subaru / Audi / VW - Bookings : justinfelixrecording@gmail.com,justinfelixrecording@gmail.com,521,1826,3122776144,BTzbgfzDHuR,Justin Felix,jhaudio,aiffelix,,https://www.instagram.com/aiffelix
∆×Drummer∆×Froм Tнe #Trιnι 🔴⚪⚫∆×Multi Instrumentalist/Dj/Producer∆×Facebook : Joshua Musiq Salcedo∆×Email : supayouth@gmail.com👍👇👌,supayouth@gmail.com,1892,1098,514434002,BUC6hD-jxVv,Joѕнυa ∆×Sυpayoυтн×∆ Salcedo,jhaudio,supayouth,,https://www.instagram.com/supayouth
🎵Baterista | banda @artmix5🎶📍Campinas-SP |Brasil📩danielramosr41@gmail.com▶ Meu canal no youtube acessa lá⤵👇👇👍🥁🎶🎵🎧,danielramosr41@gmail.com,711,574,1451771605,BT9PfyJBaFd,Daniel de P. Ramos 🥁,jhaudio,dprbatera,,https://www.instagram.com/dprbatera
Facebook: @nectarmisionesInstagram: @nectarmisionesTwitter: @nectarmisionesMail: nectarmisiones@gmail.com,nectarmisiones@gmail.com,1230,2821,1177080807,BT1UJczDvRR,Diego Solis,jhaudio,diegogsolis,,https://www.instagram.com/diegogsolis
👦🏻 J O H O R B A H R U. 🇲🇾 We chat - darrenlee0912 Mail - darrenlee96@hotmail.com,darrenlee96@hotmail.com,6947,288,447634392,BUFAFwIhL7i,🔱DarRen⛔️LEe🔱,jhaudio,darrenlee96,,https://www.instagram.com/darrenlee96
Singer, Songwriter, Producer, Artist, Musician. pirimusiqbookings@gmail.com WHATSAPP: +447980132750 www.YouTube.com/PiriMusiq,pirimusiqbookings@gmail.com,6521,133,40597039,BT8ZcNegzQs,Piri Musiq,jhaudio,pirimusiq,,https://www.instagram.com/pirimusiq
musician - drummer . CMM INT.🌎Manizales - Caldas - Colombia *tw: @jeigrajal*fb: jeison Andrés Grajales Henao *DM📥*📩 jeisonpercumusic@Gmail.com,jeisonpercumusic@Gmail.com,521,1289,2124555070,BUCN5W-Be28,Jeison Andrés Grajales H.,jhaudio,jeisongrajales,,https://www.instagram.com/jeisongrajales
Captação de Som Direto - São Paulo based TV/Cinema Productions Sound Mixer #soundmixers #soundrecorders 🎤🎚🎧🎥🎬 somdiretobr@gmail.com,somdiretobr@gmail.com,127,193,4866670754,BTnYSq7hCLo,Som Direto Brasil 🇧🇷,jhaudio,somdiretobr,,https://www.instagram.com/somdiretobr
🔰Fiancée @beaux_heaux_kouture 🔰Christian Artist 🔰Brand Ambassador 🔰Booking: Cosmicworship@gmail.com,Cosmicworship@gmail.com,10436,6342,556205451,BUFaPllAG0o,Joshua G. Stewart 🔵,jhaudio,cosmicworship,,https://www.instagram.com/cosmicworship
Song of the Lord, Musician, bass player,⚡    photographer, Chilote, Latino ✌mi vision about . . .#GersoundcContacto: gersonbajista@gmail.com,gersonbajista@gmail.com,1545,2930,451604062,BUBB_bHlCPQ,Gerson Cardenas🌠,jhaudio,gersoundc,,https://www.instagram.com/gersoundc
Drummer-Sound Engineer-ProducerStüdyo Arı Instagram: @studyoariEmail: sirakaya@studyoari.com,sirakaya@studyoari.com,2986,575,12258858,BUFZL6iDrEY,Arikan Sirakaya,jhaudio,arikansirakaya,,https://www.instagram.com/arikansirakaya
Drummer 🥁- Sound Engineer 🎧🎥youtube/FrancescoFrUmSDettole📩frums82@gmail.comVIDEO 👇,frums82@gmail.com,3623,621,26930562,BUFSH-5jTIX,Francesco FrUmS Dettole,jhaudio,frumsdrums,,https://www.instagram.com/frumsdrums
Guitarist for @irie702. Coordinator for Xpoz. Moniker guitars Sponsored Artist. 🎸Lessons: austinalvarez702@gmail.com Vanessa Lara has my ❤❤❤❤,austinalvarez702@gmail.com,948,1488,23031308,BTVf_EkF3UE,Austin Alvarez,jhaudio,austin_irie702,,https://www.instagram.com/austin_irie702
Graphic & web designer.Available for hire and open to job.Contact at:pabloacevedo.contacto@gmail.com,pabloacevedo.contacto@gmail.com,751,332,1791307542,BRyp5RMgMcw,Pablo Nicolas Acevedo,jhaudio,pablo_nicolas_acevedo,,https://www.instagram.com/pablo_nicolas_acevedo
Perfil Oficial dos Bateristas Cristãos de Pernambuco! 🇧🇷 Sejam bem-vindos!📩contato e parcerias: bcpeoficial@gmail.com ou via direct,bcpeoficial@gmail.com,11015,347,4507218685,BTkkYQgA2gj,Bateras Cristãos PE,jhaudio,bcpeoficial,,https://www.instagram.com/bcpeoficial
Empowered by Grace. Founder and CEO of Round Square Studios. Session musician. Piano. Bass. Email: bookings4jericho@gmail.com,bookings4jericho@gmail.com,509,300,866944103,BT8a9pqlseq,Jericho Hendricks,jhaudio,realjerichohq,,https://www.instagram.com/realjerichohq
- Founder & CEO (Wonderfulday Development)- Yusufabdulhamid111@gmail.com,Yusufabdulhamid111@gmail.com,277,506,2157688803,BT3Mf4dBtg7,YUSUFABDULHAMID,jhaudio,yusufabdulhamid111,,https://www.instagram.com/yusufabdulhamid111
Tristan Kelley - Denver, COEmail: me@TristanKelley.com 📫Proudly endorsed by: Meinl, Dunnett, Vic Firth, SJC, Lowboy Beaters, KBrakes,me@TristanKelley.com,71918,380,13611442,BUFOQNHlCJK,A New Drum Beat Every Day,jhaudio,tristankelley,,https://www.instagram.com/tristankelley
A recording studio in Wooster, Ohio by @clintonwesley. For booking email: info@chinawhitestudio.com.,info@chinawhitestudio.com.,103,119,3580289938,BT9a-4tlC2L,China White Studio,jhaudio,chinawhitestudio,,https://www.instagram.com/chinawhitestudio
Contact: beatsbyalejandro@gmail.com,beatsbyalejandro@gmail.com,45,118,4641214905,BRMOxbKj1Ep,Alejandro,jhaudio,beatsbyalejandro,,https://www.instagram.com/beatsbyalejandro
Chris Mala - 29. - Athens Ga - Touring drummer - malac1002@gmail.com,malac1002@gmail.com,974,1136,16704097,BUAP1tUFXZ1,themallard123,jhaudio,themallard123,,https://www.instagram.com/themallard123
Where the funk livesFor booking at 503-498-5044 zillamuzak@gmail.com,zillamuzak@gmail.com,1040,3611,42479189,BUFOxbRF1U8,Michael "BeatZilla" Whitmore,jhaudio,beatzillapdx,,https://www.instagram.com/beatzillapdx
Singer (ex nightwish) blog; http://anetteolzon2.blogspot.se store: http:/anetteolzonsvintagestore.blogspot.com email: pippioncrack@hotmail.com,pippioncrack@hotmail.com,21739,840,286282832,BUFbP9mDSbP,Anette Olzon,jhaudio,thechosenone665,,https://www.instagram.com/thechosenone665
Recording Artist | Producer718 617 860 413 Twitter@AntVaughnMusic  ChaseAnthonyVaughn@gmail.com,ChaseAnthonyVaughn@gmail.com,504,1901,1577939187,BTlqkNBl15I,Music EDM NeoSoul RnB Rap,jhaudio,chaseanthonyvaughnmusic,,https://www.instagram.com/chaseanthonyvaughnmusic
Our gear, your gig! We hire a wide range of musical equipment, including instruments, backline and PA systems. Email us at hello@quethebeatt.co.uk,hello@quethebeatt.co.uk,116,291,2242528447,BQ71EZegyme,QueTheBeatt Rentals,jhaudio,quethebeatt,,https://www.instagram.com/quethebeatt
Contact: fafbooking@outlook.com,fafbooking@outlook.com,560,4313,4447635891,BTCMXEvlBwQ,foxyazfvck,jhaudio,foxyazfvck,,https://www.instagram.com/foxyazfvck
Ceo DRUM SPLASH,DRUMMER, DIRECTOR,PERCUSSIONIST,MANAGERSheynii639@yahoo.com7B03184D +2348142527460,+2349083382570#iDRUM#iMINISTER#HEAVENLYGOALS,Sheynii639@yahoo.com,976,1263,687513121,BUEpOEAgdUT,Babalola sheynii,jhaudio,oluwaseniloba,,https://www.instagram.com/oluwaseniloba
Loving Single Father, Drummer for D'Amber Renee, Lewis Rocc, & Nate Myers IV. You can reach me me at lobrown82@gmail.com laron.brown.387@facebook.com,lobrown82@gmail.com,846,3069,264107266,BUCkN9Ajk-3,La'ron Brown,jhaudio,blessedboy2,,https://www.instagram.com/blessedboy2
Im a Guitar / Backline Tech available for any genre of music for tour! Soulfly / Gus G / Firewind/Primal Fear Email me @ stretchmystrings@gmail.com,stretchmystrings@gmail.com,475,666,2796801792,BT73qsJFW83,Andres Lecaros,jhaudio,stringstretcher,,https://www.instagram.com/stringstretcher
Artist•Traveler•Freethinker•Changemaker Jordan366@gmail.com,Jordan366@gmail.com,1412,2973,9732063,BT9X1BzALsO,Jordan Williams,jhaudio,j.gardell,,https://www.instagram.com/j.gardell
RΣDLΣTTΣR 1 booking: chrisreedrl1@gmail.com,chrisreedrl1@gmail.com,9251,825,8006476,BT7BdLeFlFu,Chris Reed,jhaudio,chrisreedrl1,,https://www.instagram.com/chrisreedrl1
dwnvillarecamp@gmail.comPhone/WA : 085692000586                     :  082312928206Pin bbm.    :  D4144A9A,dwnvillarecamp@gmail.com,1056,3906,3285656373,BS48SxnlYz4,Dewan,jhaudio,dewan1912,,https://www.instagram.com/dewan1912
Rec Artist,Prodr,Award Winning Session GTR. EBMM/SBMM, BreedLove & Kala Brand Endorsee-Artist.MGR: Doug Goldstein- Doug@RJKaneaoMusic.com,Doug@RJKaneaoMusic.com,21868,4996,11939049,BT_IUj9luf7,RJ "Kaye" Kaneao,jhaudio,rj_kaneao_music,,https://www.instagram.com/rj_kaneao_music
producer - musician - singer/songwriter ⠀⠀⠀⠀⠀⠀⠀⠀↾carved in stone↿Facebook.com/itsAliStone | Snap: itsalistone Contact: management@alistonemusic.com,management@alistonemusic.com,64640,744,309287764,BUFfJSjAgCO,Ali Stone,jhaudio,itsalistone,,https://www.instagram.com/itsalistone
Cristiano, Baterista, Percusionista y Multi Instrumentista... Artista @Soultonecymbals. Richardbaterista89@gmail.com. Marido de @mariale0812.,Richardbaterista89@gmail.com.,1359,1265,484774911,BUBrdTODWIl,Richard Diaz,jhaudio,richarddiazdrums,,https://www.instagram.com/richarddiazdrums
🎸Músico_Violonista_Guitarrista🎸            🎼 Música UFMS - 2015/2018 🎼                 Junior-gibson@hotmail.com                    👶YannGabriel❤,Junior-gibson@hotmail.com,908,1729,48212389,BTo4ORrFTmY,Juninho Cordeiro,jhaudio,juninhocordeiro,,https://www.instagram.com/juninhocordeiro
Singer🎤Songwriter🎼🎸🎹Entertainer🎥📷 Snap=👻👻👻theofficialish9twitter @someofficialishTheofficialish@yahoo.comGo to my website for more ISH,Theofficialish@yahoo.com,10628,1067,291050731,BMMlNbUjPFo,!SH,jhaudio,__officialish,,https://www.instagram.com/__officialish
Musician/Session Drummer/I play a little Bass/Groover/Tacos/Food, drum lover/Gve,Sin/DF/ Contacto Luisf_rodriguez@hotmail.com,Luisf_rodriguez@hotmail.com,507,435,1582545044,BUAf73BjRcw,Luis F. Rodríguez Murakami,jhaudio,murakamidrums,,https://www.instagram.com/murakamidrums
Multi-Instrumentalist/Vocalist | Entertainer | Groove Enthusiast | For acting/modeling inquiries contact: ave@theavenueagency.com,ave@theavenueagency.com,1940,873,174098561,BT_2JsgDPNJ,Brett Nelson,jhaudio,brettnelsonofficial,,https://www.instagram.com/brettnelsonofficial
www.dallasforte.comFor Bookings: booking@dallasforte.com I love Jesus...Matthew 6:33, Seek...First...Kingdom,booking@dallasforte.com,1517,1034,431683490,BUEqYR1l5hi,D A L L A S  F O R T E,jhaudio,dallasfortemusic,,https://www.instagram.com/dallasfortemusic
onemanagementjm@gmail.com,onemanagementjm@gmail.com,1082,1609,32373871,BUDt_ybl-7i,Mario Jr,jhaudio,mjlivemusic,,https://www.instagram.com/mjlivemusic
#ILOVEJESUS#GospelWarriorbooking.aylee@gmail.com,booking.aylee@gmail.com,687,732,179577771,BTwdHGVF-XF,AYLEE,jhaudio,aylee_p,,https://www.instagram.com/aylee_p
System Engineer in China Beijing mail：xiaohuzia@126.com,xiaohuzia@126.com,28,247,4552953900,BSTJUtWATpP,Song Tao,jhaudio,littletiger1115,,https://www.instagram.com/littletiger1115
Photographer 🇰🇪🇬🇧Mother of twoMusic & Rugby Fanatic#TSArt Program Finalistinfo@ek13.photography,info@ek13.photography,673,1435,1743915517,BUDHEe9hDHs,Elsie Kibue,jhaudio,ek13_photos,,https://www.instagram.com/ek13_photos
▪️ Professional 'Hired Gun' Guitarist▪️ MIKE's 5th member▪️ DIAA 5th member📧 : meckoibanez@gmail.com,meckoibanez@gmail.com,4288,1083,367944728,BUEu_YYhINZ,Mecko Kaunang,jhaudio,meckokaunang,,https://www.instagram.com/meckokaunang
Musico-baterista🤘👌Interprete💪futuro compositorLa escuela de musik👊Medellin-ColombiaSp828550@gmail.com,Sp828550@gmail.com,304,595,1372585760,BRQ9B2gBW8N,Santiago Perez,jhaudio,perezosorio25,,https://www.instagram.com/perezosorio25
Broadcast Production Management✉ adha.yoga@gmail.comIt's all about perspective,adha.yoga@gmail.com,760,439,2093733090,BTeEkh9DeIc,Adha Maha Adhi P,jhaudio,adhamaaps,,https://www.instagram.com/adhamaaps
God first, Husband, MD/Producer, Regal Tip and TRX Cymbals Booking info: Kody.L.Lyles@gmail.com,Kody.L.Lyles@gmail.com,1005,797,13462450,BUAHXgrgIO_,K.Lyles,jhaudio,k.lyles,,https://www.instagram.com/k.lyles
BWI✈️BNA✈️LAX🎚🎛🎚Credits: Some Of Your Favorite Artists. Mix Inquiries 👉🏾 mixgod6@gmail.com,mixgod6@gmail.com,684,736,444002369,BTSvVGrjJmm,Ron Lark,jhaudio,its_ronlark,,https://www.instagram.com/its_ronlark
Business Partner at BELLAMY ST. ENTAUDIO..PHOTOGRAPHY..VIDEOGRAPHYp/s: dm for more infoBellamyst.ent@gmail.com,Bellamyst.ent@gmail.com,475,659,471359841,BTYPgcBBH0R,Faiez Fakharie,jhaudio,faizfakhari,,https://www.instagram.com/faizfakhari
La #FORTUNA de #MilSaboresManager: Makarena Velasquez makarena@redponchoproducciones.comContacto: @rafarioz,makarena@redponchoproducciones.com,1350,236,31065091,BT6277FgYir,Rafa Rioz,jhaudio,rafarioz,,https://www.instagram.com/rafarioz
Drummer/Producer/Mix Engineer... Dayton, Ohio raised me.. Boston, Ma Pays Me... Contact Me @ spardakismusic@gmail.com for all inquiries,spardakismusic@gmail.com,10609,4754,21348177,BT7Smdfl-eC,Coran Henley,jhaudio,spardakismusic,,https://www.instagram.com/spardakismusic
Sax player :World wide booking:saxperformance@gmail.com (Portugal),saxperformance@gmail.com,1968,4026,332785391,BT8k6mFAHem,Bruno Soares Sax,jhaudio,brunosoaressax,,https://www.instagram.com/brunosoaressax
#DoMoreGood | hello@amityasia.com,hello@amityasia.com,20647,614,15516584,BUD1WRlhcRs,Rifan Kalbuadi,jhaudio,rifankalbuadi7,,https://www.instagram.com/rifankalbuadi7
4x Latin Grammy Nominee - Recording/Mixing Engineer Lunabeccaris@gmail.com,Lunabeccaris@gmail.com,2001,869,199692339,BTg-c3pjoDE,Arthur Luna,jhaudio,lunabeccaris,,https://www.instagram.com/lunabeccaris
I am the walrus 🌊 hello@darrenchau.com,hello@darrenchau.com,759,934,47127753,BTrVdMfl4oD,darrenchau 周宇樞,jhaudio,darren_chau,,https://www.instagram.com/darren_chau
I LOVE JESUS CHRIST!!!DRUMMER FOR JESUS email:peterotega_ekesiena@yahoo.com,peterotega_ekesiena@yahoo.com,890,1159,1669515164,BTyv0h0FxhZ,EKESIENA PETER OTEGA,jhaudio,peterotega,,https://www.instagram.com/peterotega
24 | Session Drummer📩For Booking Inquires: zaustindrums@gmail.comCODE ORANGE - FOREVER COVER👇🏻,zaustindrums@gmail.com,28175,852,3243436929,BUC5EanhnR-,Zack Austin,jhaudio,zackaustindrums,,https://www.instagram.com/zackaustindrums
management@devinkoi.com,management@devinkoi.com,327,291,2799038087,BT0GJIxhcia,Devin Koi,jhaudio,devinkoi,,https://www.instagram.com/devinkoi
TO ORDER: 1. Comment with your email address or 2. Email us or 3. Call us 337.984.1118 we would love to help! 👍lafayetteshishi@gmail.com,lafayetteshishi@gmail.com,3675,1127,173752842,BUEtZGegDmm,Shi Shi Boutique,jhaudio,shishiclothing,,https://www.instagram.com/shishiclothing
Booking Contact: Megan@mogetzentertainment.com,Megan@mogetzentertainment.com,2418,4321,15501554,BUFPATYFtOU,NickLynchMusic,jhaudio,nicklynchmusic,,https://www.instagram.com/nicklynchmusic
BASE jumping, skydiving professional. Contact for sky and BASE instruction and demonstrations. thompsonparasports@gmail.com,thompsonparasports@gmail.com,1654,772,583621180,BT8ooqxldsu,Trevor T,jhaudio,thompson_parasports,,https://www.instagram.com/thompson_parasports
▪️PRO TECHS INDUSTRY▪️ [STAGEMANAGEMENT➖TECHSERVICES➖PROTUNING➖ BACKLINETECH] m.radeindustry@gmail.com,m.radeindustry@gmail.com,300,306,4333889381,BT99jiuFCMp,Fabio Moradel,jhaudio,m.radeindustry,,https://www.instagram.com/m.radeindustry
Drummer for The Chainsmokers 🎥youtube.com/mattmcguiredrums📩amyjarman@mattmcguiredrums.com👻snapchat: matt-drums🐰AJB🥁NEW VIDEO↘,amyjarman@mattmcguiredrums.com,106078,429,315427662,BT-r3FkjadK,Matt McGuire,jhaudio,mattmcguiredrums,,https://www.instagram.com/mattmcguiredrums
Singing + playing + writing country music.Maddie, 16👸🏼💋Dawson, 17🙇🏻🎸Emma, 17💁🏼👑📧: matt@onlychilddevelopment.comBooking: bse@wmeentertainment.com,matt@onlychilddevelopment.com,234381,4739,1752841924,BUCh9tLBlmL,Temecula Road,jhaudio,temecularoad,,https://www.instagram.com/temecularoad
MINISTÉRIO LEVO A CRUZ 🔥Contato (81) 985462304Agenda - Facebook/InstagramMinistro de Louvor| Músico & Compositor 🎹E-mail: levoacruz@gmail.com,levoacruz@gmail.com,1035,886,1403157046,BUE4GD4j1Sx,Naldinho Lima,jhaudio,naldinhollima,,https://www.instagram.com/naldinhollima
Love God ✨Los Ángeles, CA | B-HeightsArreglos & Grabaciones kdlinan@gmail.com 📧Guitarrista de Cuitla Vega,kdlinan@gmail.com,5246,996,52410083,BUA7fbRgXSD,Kamiloh Liñan,jhaudio,kamilohlinan,,https://www.instagram.com/kamilohlinan
Sheppard of the Psychedelic! 🔮🍄SoCal guitarist 🎶Gibson - Mesa Boogie 🎸 brendendenton@yahoo.com,brendendenton@yahoo.com,755,575,55362551,BUFdyskD1Cg,Brenden Denton,jhaudio,psychedelicshaman,,https://www.instagram.com/psychedelicshaman
Crowd mover.Tune producer. Warner Brothers movie in the works.Here's all of my life. Mngmt: ryan@CatalystManagement.us Agent: achaykin@apanewyork.com,ryan@CatalystManagement.us,43239,326,13893928,BT9NvPYDsws,Tatiana Alvarez,jhaudio,djtatiana,,https://www.instagram.com/djtatiana
Electronica, indietronica/indiedance,rock, disco, electro, sythfunk y otros experimentos sonoros.chappmusicproject@gmail.comBarranquilla - Colombia,chappmusicproject@gmail.com,679,3238,4297523638,BRdcNbSBV6X,ChaP Music Project,jhaudio,chapmusicproject,,https://www.instagram.com/chapmusicproject
Curvy songstress with a story to tell. www.Isabellemusic.com.⠀⠀⠀⠀⠀⠀⠀⠀ Isabelle@Isabellemusic.com🎤⠀⠀⠀⠀⠀⠀⠀⠀⠀⠀⠀⠀⠀⠀⠀⠀⠀⠀⠀⠀⠀⠀⠀⠀⠀⠀⠀⠀⠀⠀⠀⠀⠀⠀⠀⠀music video 👇🏻,Isabelle@Isabellemusic.com,11315,491,9754146,BT34Ih8F2mN,•Isabelle•,jhaudio,isabellemusic,,https://www.instagram.com/isabellemusic
We play country music...very loudly. W.V/NashvilleBooking: tacolem68@gmail.com,tacolem68@gmail.com,540,1885,1120010748,BS-EBrmBcBv,A Mile to Nowhere,jhaudio,amiletonowhere,,https://www.instagram.com/amiletonowhere
I play bass in @thisismerge Live & Studio Audio Engineer-BRING THE NOISE//OÜI FM - Snapchat: @secondtoright bickford.timothy@gmail.com,bickford.timothy@gmail.com,1191,1987,9324133,BT8ky6tliZu,Tim Bickford,jhaudio,betheyoung,,https://www.instagram.com/betheyoung
Drums and percussion nathanwahlman@gmail.com,nathanwahlman@gmail.com,672,651,51611242,BUAYWBBlo0e,Nathan Wahlman,jhaudio,nathanwahlmandrums,,https://www.instagram.com/nathanwahlmandrums
AOP Entertainment is an event production firm providing concert sound, stage, video & lighting BOOK US for your next event! Oz@aopentertainment.com,Oz@aopentertainment.com,597,1938,295827077,BS7okDKg8qt,aop entertainment,jhaudio,aopentertainment,,https://www.instagram.com/aopentertainment
@DRUMSZWORLD-Send your picture and we share your experience: "drumszworld@gmail.com" or Direct.Drummers room all over the world!TAG: #DrumsZWorld,drumszworld@gmail.com,197,571,2917341665,BSY5GCYBU9v,DrumsZWorld,jhaudio,drumszworld,,https://www.instagram.com/drumszworld
➕Photographer➖Atlanta✖️Available for booking➗Email: @nateblvckphoto@gmail.com,nateblvckphoto@gmail.com,3027,5110,575324342,BT9M3umD9qC,NATE BLACK,jhaudio,nateblvck,,https://www.instagram.com/nateblvck
We can't find our rainEmail: kontrabandrockband@gmail.comInland Empire, CA,kontrabandrockband@gmail.com,528,1210,144000213,BTTNpvjDl2F,Lost Rain,jhaudio,lostrainofficial,,https://www.instagram.com/lostrainofficial
🎸 LA Session Musician/Producer👑 First Kingz Productions🎹 Theoutlawbass@gmail.com 👉📲📬🎻 D'Addario/EmpireEars/Planetwaves👲 Bassist - True American,Theoutlawbass@gmail.com,7516,936,311776081,BUEEUAjl28B,🎼 Law Chadlin,jhaudio,theoutlawbass,,https://www.instagram.com/theoutlawbass
RESIDENCY at Harrah's Las Vegas |🎟: Ticketmaster.com/TenorsOfRock | Paul Fitzgerald | CAA paul.fitzgerald@caa.com Touring.CAA.com,paul.fitzgerald@caa.com,1570,2325,560429995,BUBOZ0Yglv1,Tenors Of Rock 🤘,jhaudio,tenorsofrock,,https://www.instagram.com/tenorsofrock
Suka band five minutes,fandyilyasa@yahoo.co.id,@akhliscuy,invite D006A9B9 pin bb aku ngefans sama delisha anak jalanan,fandyilyasa@yahoo.co.id,963,6170,2252469854,BNlO4m2Fln4,Fandy Mencari Aisah Berada,jhaudio,fandyfivers,,https://www.instagram.com/fandyfivers
Email:steviepdesign@gmail.com41.5582° N, 73.0515° W,steviepdesign@gmail.com,1009,6489,2334651588,BTsymZwA1S-,StevieP Design-Steven Parkmond,jhaudio,steviepdesign,,https://www.instagram.com/steviepdesign
🎹Keyboardist•Producer•Programmer 🔘Brandy|Jussie Smollet|Dave Hollister👻 Snapchat: Outtytone 📧: allbiz82@icloud.comhttp://toneeray.bandzoogle.com/,allbiz82@icloud.com,533,583,3422646219,BUCmk6fFn4I,Tonee Ray 🐯,jhaudio,tonee_ray_,,https://www.instagram.com/tonee_ray_
Ukraine, KievAndrewomelchenko777@gmail.com,Andrewomelchenko777@gmail.com,291,457,1054954026,BT677AkFZTC,Andrew,jhaudio,omelya333,,https://www.instagram.com/omelya333
🎶Drummer🎹Producer🎻Soundtracks✍Endorsed by Aquarian Drumheads📩diegoantunes.contato@hotmail.com 🐦Twitter: @antunes_drummer ⭕Facebook page:,diegoantunes.contato@hotmail.com,1410,664,1184253851,BT5EsBHlp5e,Diego Antunes,jhaudio,antunesdrummer,,https://www.instagram.com/antunesdrummer
Music. Sleep. Eat. Repeat. NY to LA tallbassist@gmail.com,tallbassist@gmail.com,3033,620,1960474015,BT947cXDmGg,Dmitry,jhaudio,tallbassist,,https://www.instagram.com/tallbassist
FotografiasHuehuetenango♡ --------------------------CONTACTOAbner24tojin@gmail.com32476799,Abner24tojin@gmail.com,508,1712,2068664284,BT7a_H5AlvV,Tojin-Fotografia,jhaudio,tojin_fotografia,,https://www.instagram.com/tojin_fotografia
Malaysia's well established Pro-Sound & Pro-Light company. Sales, Rental & Service Call : 010-366-0549        : 012-225-5793Rkprosound@yahoo.com,Rkprosound@yahoo.com,775,2712,4022636511,BTlK0k5jg5S,RK SOUND,jhaudio,rk_sound,,https://www.instagram.com/rk_sound
🔥Вместе горим с 2014 года.🔥Крымский хардкор.🔥 Hardcore band from Sevastopol. 🔥Contact us: amelyskyrock@gmail.com 🔥(ex-ATAKAMA) 🔥,amelyskyrock@gmail.com,198,343,4030573440,BRyalrKDYdg,Amely Sky,jhaudio,amelyskyrock,,https://www.instagram.com/amelyskyrock
📍Jax, Fl ✈️️ Bos,Ma| 🎸🎶Artist /Guitarist /Producer| Berklee College of Music 🎶,Fullsail Univ| @64audio Endorsed 🎧| 📧info@williemoore3.com,info@williemoore3.com,2032,4191,986940371,BTzCUktg-N8,Willie A. Moore ,III,jhaudio,willieamoore3,,https://www.instagram.com/willieamoore3
Músico brasileiro.                                         sambista, cantor e cavaquinista. sonetoproducoes@hotmail.com,sonetoproducoes@hotmail.com,1472,3807,1234224234,BT_XbCJDf_Z,Rodrigo Nogueira,jhaudio,rodrigonogueirarn,,https://www.instagram.com/rodrigonogueirarn
Guitarist, singer, session player. First album, "Divided" out on Spotify now! Booking: kim@nordiclive.no 👻tkristiansen,kim@nordiclive.no,4686,717,4898056,BT_DPOUj5ha,Tommy Kristiansen,jhaudio,tkristiansen,,https://www.instagram.com/tkristiansen
Analog and digital recording studio located in downtown Winnipeg. Info@privateear.ca,Info@privateear.ca,2082,5476,3440500257,BUFbSGsDoGW,Private Ear Recording,jhaudio,privateearrecording,,https://www.instagram.com/privateearrecording
for big  events /stage plus  DJS .we have a compresed  good sound .bookings what's app 0736799276 .kheita.kamya@Gmail.com/the sound engineer in pta,.kheita.kamya@Gmail.com,847,3915,2212662727,BT0-MpbDyQH,dj kheita international,jhaudio,dj_kheita_international_,,https://www.instagram.com/dj_kheita_international_
For some information email me at djaudiogear@gmail.com,djaudiogear@gmail.com,9,19,4103384758,BSNGJeYF-Ln,DJAudioGear,jhaudio,djaudiogear,,https://www.instagram.com/djaudiogear
Amante de la música🎼🎶🎶🎧brandoncesa@gmail.comWhatsapp: 84435197**MX,brandoncesa@gmail.com,281,1128,859352547,BT7iZXCFkko,Brandon Cerecero,jhaudio,brandon_ucs,,https://www.instagram.com/brandon_ucs
Believer❄Check my bio..👇150 likes?📩arthurmaxwell121@gmail.comLink👇media sosial.👉photography ethaunsiats📷,arthurmaxwell121@gmail.com,479,4187,4056573960,BMB-iClDzao,M~ARTHUR,jhaudio,astelelzl,,https://www.instagram.com/astelelzl
SINGER/SONGWRITER | MELB ✨contact@essiemusic.com.au,contact@essiemusic.com.au,9686,1229,14023505,BT3MmDOB3qY,Essie Holt,jhaudio,essieholtmusic,,https://www.instagram.com/essieholtmusic
Audio-gear lover.Member of:Hard Dance Vietnam.Vietnam Trance Lovers."Life starts at 150bpm".Booking: minhbeo832k@gmail.com,minhbeo832k@gmail.com,286,850,1589963412,BTOrjwUjuCs,Minh Lê,jhaudio,bassomedia,,https://www.instagram.com/bassomedia
geunhojp@daum.net,geunhojp@daum.net,296,222,2314643609,BUA1b-hDxZd,KIM GEUNHO,jhaudio,sound_stream1,,https://www.instagram.com/sound_stream1
🎶 🎙️🎛️ Junior sound engineer 🎵🎸🎧 email: Noah.e.esposito@gmail.com- Music, Photography 📷📸,Noah.e.esposito@gmail.com,1192,3712,600693986,BPuhEyhBlrs,Noah Esposito,jhaudio,noaheesposito,,https://www.instagram.com/noaheesposito
Musician- Bassist/Keyboardist/Arranger 🎸🎹.-----------Info-Jaqamg0227@Yahoo.com. JQ Lessons(online or in person) John 11:40 🙏🏼,.-----------Info-Jaqamg0227@Yahoo.com.,1460,2463,535700699,BUDaCb8gdHu,Joseph Quiles,jhaudio,jaqbass_jazz,,https://www.instagram.com/jaqbass_jazz
nay2music@gmail.com,nay2music@gmail.com,443,556,1603471515,BTx29v4jHG4,Rancho Cucamonga, CA,jhaudio,natscott2,,https://www.instagram.com/natscott2
Fluid Abstract art work for sale Contact info: 9732803824fchote69@gmail.com,fchote69@gmail.com,614,7418,2154617988,BTGMEiRD0Go,DSK,jhaudio,fchote69,,https://www.instagram.com/fchote69
Bassist for WitherowSession playerGamerSinasoid,stonepicks artistJasontaylorbass@gmail.com For booking,Jasontaylorbass@gmail.com,9049,2629,214347159,BTt9_h6A0Dn,Jason Taylor,jhaudio,jasontaylorbassist,,https://www.instagram.com/jasontaylorbassist
"Love all, trust a few, do wrong to none."-William Shakespeare📮karzinstagram@gmail.com,karzinstagram@gmail.com,4694,2951,42525,BUE5loVDgL3,Karin Cho,jhaudio,kar,,https://www.instagram.com/kar
musician | session player | drummer |SCRAPBEATFIVE PERCENT✉ : yosephgoldy@gmail.comINDONESIA,yosephgoldy@gmail.com,1006,671,1592805759,BUCAhlFFTgf,Yoseph Goldy,jhaudio,yosephgoldy,,https://www.instagram.com/yosephgoldy
🇯 🇯🇲Email : castanheiro.mixing@gmail.com,castanheiro.mixing@gmail.com,768,753,322784380,BTFr5H7Bu4I,Ronaldo Castanheiro,jhaudio,castanheiromixing,,https://www.instagram.com/castanheiromixing
Tooper is manufacture for led display with 12 years Email:tim@toopergroup.com whatsapp: 008615817158968,tim@toopergroup.com,1687,7481,3028325406,BT9ecy5gMRC,TOOPER,jhaudio,tooper_led_display,,https://www.instagram.com/tooper_led_display
Musician/Dreamer/Composer/StudentKendrick Scott Oracle #Conviction Mgmt - Vincent Bennett Vincent@secondsonproductions.com,Vincent@secondsonproductions.com,13703,3281,15673492,BTkAUxagWOv,Kendrick Scott,jhaudio,kadscott,,https://www.instagram.com/kadscott
Yonatan Saxofonista para todo tipo de eventos sociales. Contacto 829 880 9819. Saxofonista en @airesdeuncion Yosstansax@gmail.com,Yosstansax@gmail.com,2156,7502,1646937621,BUDfBfegAq0,Saxo Ambiental RD,jhaudio,saxoambientalrd,,https://www.instagram.com/saxoambientalrd
Music Producer | Content CreatorFlame Records • Minøryskive thefadlyma@gmail.com,thefadlyma@gmail.com,1017,399,223295055,BUDyFQJhusK,F Λ D L Y,jhaudio,thefadlyma,,https://www.instagram.com/thefadlyma
59Kane Upcoming Artist From Madison/STL ✈BOOKING: iairecords2016@gmail.com SERIOUS ONLY #IAI #HLF #NCFST Check Out Single "Dancing💎DIAMONDS"👇👇👇❕,iairecords2016@gmail.com,1623,7496,3177576440,BTwviDYjOfF,59|Kane©,jhaudio,59kane,,https://www.instagram.com/59kane
Listen To Your HeartHong Kong Offical InstagramCustom made monitors定制耳機Tel : +852 69988566WhatsApp : +852 69988566Email : neoaudio@yahoo.com.hk,neoaudio@yahoo.com.hk,81,86,3697533232,BPFXwpyAJg9,Neo Audio,jhaudio,neo_audio,,https://www.instagram.com/neo_audio
Our ears are as unique as a fingerprint...and how we hear is too ✨.                 📧:healthyhearingears@gmail.com,healthyhearingears@gmail.com,363,635,3926811763,BMWdU_Mgw4E,Healthy Hearing 👂,jhaudio,healthy.hearing,,https://www.instagram.com/healthy.hearing
MMS Backline Rental Stockholm Sverige. Kontakt: info@mmsbackline.com,info@mmsbackline.com,475,1046,1790348025,BTd-ZrqBNPD,MMS Backline Rental,jhaudio,mmsbackline,,https://www.instagram.com/mmsbackline
Professional photographer (commercial, advertising, product, food, studio and fine art) from NYC and Atlanta, USA. Inquiries: dominiquejames@gmail.com,dominiquejames@gmail.com,2870,7500,13961,BUFZbRcgPKB,Dominique James,jhaudio,dominiquejames,,https://www.instagram.com/dominiquejames
We are Chinese FACTORY and we provide wrist Watches to anyone who want to do watch business! waiting for youEmail: apollo@tsr-watch.com.cn,apollo@tsr-watch.com.cn,68,316,3952277007,BSwB5gplNwd,Apollo Xu,jhaudio,xu__apollo,,https://www.instagram.com/xu__apollo
Comprometidos a ofrecer Servicios AudioVisuales para: Conferencias, Eventos, Talleres, Cursos y más! 💻 proyeccionessvc@yahoo.com🇻🇪📱 0424.153.5502,proyeccionessvc@yahoo.com,465,1121,1491113996,BSmMr02hyC8,Proyecciones SVC,jhaudio,proyesvc,,https://www.instagram.com/proyesvc
For business & touring inquiries email: beck.lizzie@gmail.com Sc- Munchkin365,beck.lizzie@gmail.com,444,2254,2270705916,BTCwbCqAZMk,Lizzie Beck,jhaudio,lizzie_beck_photography,,https://www.instagram.com/lizzie_beck_photography
Customizing Creating high-quality cases for musical instrumentsСоздание качественных полужестких кейсов.+380950932135 mail@customcase.pro,mail@customcase.pro,1625,7346,239196769,BSy06-GjIn3,CORNERSTONE CUSTOM CASE,jhaudio,__s.e.r.g__,,https://www.instagram.com/__s.e.r.g__
For Drumming and Piano classes hmu or if you need a drummer or keyboard player at your church or gig: sanchezpaul58@gmail.com or DM,sanchezpaul58@gmail.com,147,859,3684100119,BN2MSNOgdhD,Paul Sanchez,jhaudio,officialpaulskeys,,https://www.instagram.com/officialpaulskeys
Endorse: SilverFox Sticks, KickPort, Tru Tuner, Drumtacs, & Cympad. Reggae/🇯🇲/ Touring✈ / Freelance Drummer Email: fletcherdrums@yahoo.com ♌Leo,fletcherdrums@yahoo.com,4050,6661,242496514,BUE2G-vBN8B,Wayne GreatWall Fletcher. 🇯🇲🇺🇸,jhaudio,fletcherdrums,,https://www.instagram.com/fletcherdrums
Singer / Musician // Songwriter /// Producer Booking:▫️piazzolamusic@gmail.com,piazzolamusic@gmail.com,983,948,1591264683,BT73HL0Axjq,Piazzola,jhaudio,piazzolamusic,,https://www.instagram.com/piazzolamusic
🔸DJ🔸Batucada🔸Pleneros📍Cataño,Puerto Rico 📞 Contacto:(787)322-0159/(787)236-8919📧ossoundsystem17@gmail.com,ossoundsystem17@gmail.com,334,1447,1519253073,BTyvKi_gKUH,O&S sound system,jhaudio,os_sound_system,,https://www.instagram.com/os_sound_system
We program backing tracks for worldwide concert tours. Janet Jackson, Kanye West, Jay Z, Rihanna, Pharrell, Drake and more..contact@digitalzero.com,contact@digitalzero.com,298,404,779160817,BTnMQoIBcXa,DIGITAL ZERO®,jhaudio,digitalzero_,,https://www.instagram.com/digitalzero_
Drummer. Email:adityapratamaharyadi@yahoo.com,adityapratamaharyadi@yahoo.com,410,670,2286534799,BT3DLwYgnWW,Adit Pratama,jhaudio,aditsuro,,https://www.instagram.com/aditsuro
ติดต่องานแสดงslapheadpercussion@gmail.comโทร - 0869961651 เจ๋งLINE ID - 0869961651Facebook - Slaphead handdrum percussionขอบพระคุณที่กดติดตาม,slapheadpercussion@gmail.com,324,2368,3668192040,BUB1HNtARNI,slaphead handdrum percussion,jhaudio,slaphead_handdrum_percussion_,,https://www.instagram.com/slaphead_handdrum_percussion_
Brisbane based saxophonist that loves coffee.   🎷💻soulgrooveau@gmail.com,soulgrooveau@gmail.com,338,434,265077069,BTxw5fYAOvs,Brad Scriven,jhaudio,saxomarphonist,,https://www.instagram.com/saxomarphonist
Professional LED display manufacturer. Worldwide shipping.3year warranty Contact us:heaton@szledisplay.com Whatsapp:+8613528887673,heaton@szledisplay.com,934,5598,3019001359,BRh94XyB3X6,Mr.Bean,jhaudio,szdisplayled,,https://www.instagram.com/szdisplayled
Bassist with @jamesvmcmorrow. @ebsswedenofficial and @labellastrings endorsee. 📧:joefurlongbass@gmail.com,joefurlongbass@gmail.com,997,400,187697284,BT-EBzLA5Ne,Joe Furlong,jhaudio,joefurlongbass,,https://www.instagram.com/joefurlongbass
🎼 Romez Records 🌠🔊 Black Rhyno Sound 📻📭 Blackrhynosound@gmail.com🎧 Jimdargconway@gmail.com"Serve em" 🔥📺https://youtu.be/DaUu-KGksE4,Blackrhynosound@gmail.com,1226,1583,221365182,BTeMZdPhvZd,DOUBLE R 🎧🎤🎹🎼🎵💿🔛🔝🌏,jhaudio,jimmy_tish_conway,,https://www.instagram.com/jimmy_tish_conway
24/drummer/FL. I play @pearl_drums @evansdrumheads @zildjiancompany @sabiancymbals_official @meeaudio Endorse @blanksticks theopatentedrums@gmail.com,theopatentedrums@gmail.com,845,289,3142531,BT-d5JJBUmr,Theo Patente,jhaudio,theopatente,,https://www.instagram.com/theopatente
San Diego, CADrum Inquiries Email me Danieltpenwell@gmail.com,Danieltpenwell@gmail.com,1573,510,32540455,BT2nS79DQOI,Danny T. Penwell,jhaudio,dannytpenwell,,https://www.instagram.com/dannytpenwell
Scottish Session Drummer. Glasgow Scotland. Endorsed by Regal tip/Porter&Davis. Contact: drummerdave9502@gmail.com,drummerdave9502@gmail.com,739,1131,226882204,BUEgYxqBFgW,Dave McCluskey,jhaudio,drummerdave01,,https://www.instagram.com/drummerdave01
MUSIC DIRECTOR. DRUMMER. PRODUCER. Credits: Andy Mineo, Elhae, KB, Tedashii, Dominic Balli, Xavier Omär, Swade, and more. luna@moonmanagement.co,luna@moonmanagement.co,2477,637,44177364,BT7QqcolGQW,Jacob Cardec,jhaudio,jay_cardecdrums,,https://www.instagram.com/jay_cardecdrums
👑PUTERA NUR ALIFF👑💋PhotoGrapher-KLfm-💋🌺Nuraliff.13@smkpp16.edu.my🌺,Nuraliff.13@smkpp16.edu.my,296,985,1401740398,BUEd7W8jxuF,PUYEXDREAM,jhaudio,putera_aliff16,,https://www.instagram.com/putera_aliff16
 music⠀The Talking Drums Podcast🎙 #MONARCHYsounds🔊⠀⠀⠀⠀⠀⠀⠀⠀#AfricaMeetsWest🛩 #TrappingInAfricaMixtape 💽 ⠀⠀⠀⠀⠀⠀⠀📥djdamdaddy@icloud.com,djdamdaddy@icloud.com,2915,3599,31267153,BUCNmWnj6X2,Bernie Ess®,jhaudio,dj.damdaddy400,,https://www.instagram.com/dj.damdaddy400
Gloshine specialize in high quality #ledpanels gear for any event large or small just ring me 0086-186-171-20587(whatsapp) sales617@gloshine.cn,sales617@gloshine.cn,1428,7482,3578660400,BUE7tc3gjb-,ChrisChow,jhaudio,chris_gloshine_led_panels,,https://www.instagram.com/chris_gloshine_led_panels
Hi my name is Roman, I demo and review guitar gear, if you are interested in having me review your product email me at shnobeltone@gmail.com,shnobeltone@gmail.com,15699,167,525697820,BUFejbUFvqO,Shnobel Tone,jhaudio,shnobeltone,,https://www.instagram.com/shnobeltone
🎸 Guitarist in @pangaea_wi Fueled by coffee, pizza, and riffs. 🎼 Skype lesson slots available! Email Evan.Lessons@gmail.com,Evan.Lessons@gmail.com,510,403,375166232,BUD4AKIlJ40,Evan Webster,jhaudio,evan_eats_pizza,,https://www.instagram.com/evan_eats_pizza
Songwriter Arranger Keyboardist Lecturer C AllStar Coffe Snob       📮Music Production/Workshop/Show/Seminar/Judge: talk2tonemusic@gmail.com,talk2tonemusic@gmail.com,2909,324,394430951,BT_1P_Pj_mq,Siu Tung,jhaudio,tungmusic,,https://www.instagram.com/tungmusic
Professional Recording / Mix EngineerYour favorite artist's favorite engineer🔥🔥Inquiries: imixsongs205@gmail.com,imixsongs205@gmail.com,13298,1145,12053281,BUFIPMFBPQl,Aubry "BIG JUICE" Delaine,jhaudio,bigjuice205,,https://www.instagram.com/bigjuice205
"Lighting for all events""WEDDINGS""PARTIES"And etc. Contact: 1-868-3325034 or 1-868-2827496    email: lightingworks16@hotmail.com     Trinidad,lightingworks16@hotmail.com,402,1356,3610877804,BSeJzVwl3Os,Lighting Works It's A Puls,jhaudio,lighting_works,,https://www.instagram.com/lighting_works
Music school / Events Planner at Ipoh, Perak. Passion, Is the way to teach music courses. Life like music, be participating. abamusicipoh@gmail.com,abamusicipoh@gmail.com,545,5803,3037642906,BUD1VMRAPsN,ABA Music School Ipoh🇲🇾,jhaudio,abamusic,,https://www.instagram.com/abamusic
eat.sleep.drum | Contact: dvalderrama@icloud.com,dvalderrama@icloud.com,174,349,2206353736,BTzw7RSl2EB,daniel,jhaudio,dan.valderrama,,https://www.instagram.com/dan.valderrama
Cantor e Compositor🎙 👽👾👻kimlirio1📞contato: 51 9817-81031📥contatokim@live.com🎬 🖲⤵,contatokim@live.com,153938,998,224928162,BUAzEh_lyW8,K I M   L Í R I O ♘,jhaudio,kimlirio,,https://www.instagram.com/kimlirio
Christ follower, Freelance bass player, Composer and arranger. For contact information email me: ncardenasmusic@gmail.com,ncardenasmusic@gmail.com,579,635,189975922,BTAwaz-AO4L,Nelson Cardenas Jr,jhaudio,ncardenasmusic,,https://www.instagram.com/ncardenasmusic
Tanah grogot paserWalaupun scound tp gak murahan😘Minat tanya2 hub kontak dibawahLINE  id:annaoppo150@gmail.com,annaoppo150@gmail.com,14,88,3676385297,BJPIlqVjvtp,Scounsaina9375,jhaudio,scounsaina9375,,https://www.instagram.com/scounsaina9375
A UK-based music blog, with reviews, news and a Featured Artist every Wednesday ☺️ also found on Huff Post Blog ✉️ akjmusicblog@gmail.com,akjmusicblog@gmail.com,806,1901,2160923906,BTl5GQjga1J,A K Jones,jhaudio,hookedonthemusic,,https://www.instagram.com/hookedonthemusic
Hello!  I'm Jaz 😄 #darimata #KasmaranSony Music Management contact:📧 tiansonymusic@gmail.comTian: (+62 82173342354)Deby: (+62 81510517576)👇 👇,tiansonymusic@gmail.com,63035,664,2713772478,BUCva5ZAk1j,Jaz,jhaudio,jaz_hayat,,https://www.instagram.com/jaz_hayat
Lord of Drums @ KOBRA AND THE LOTUS🎶Certified Personal Trainer 💪marcusleedrums@gmail.comAvailable for session drumming & personal training!,marcusleedrums@gmail.com,2105,161,743088021,BUCr-jLDZYL,Marcus Lee,jhaudio,lordmarcuslee,,https://www.instagram.com/lordmarcuslee
21. Cantante & Dj 🇻🇪-🇪🇸Productor de eventos - Sonido e Iluminación ProfesionalBooking: (+58-4129389428) Richardgarcia.info@gmail.com#CrewRGN 💪,Richardgarcia.info@gmail.com,568,929,1100226176,BUFblOJl0NW,Richard Garcia (NAFF)®,jhaudio,richardgn_music,,https://www.instagram.com/richardgn_music
WWW.FACEBOOK. ANDREWSFERIGATTO@R7.COM MUSICAN.DRUMS,ANDREWSFERIGATTO@R7.COM,1254,4170,573237779,BTw7m0TDtZz,TICHO BATERA,jhaudio,tichobatera,,https://www.instagram.com/tichobatera
Membuat segala macam kerajinan resin/ fiber, custom.Untuk pemesanan WA: 08882713215, sms kontak: 082135703851Mail: ceffendy25@gmail.com,ceffendy25@gmail.com,437,1299,3173508427,BTtJfwulYZ-,ChandraEffendy,jhaudio,kerajinan_replika,,https://www.instagram.com/kerajinan_replika
21🌍 Tenerife • London👻 Snapchat: iandreasnap 🐥 Twitter: 1AndreaMedina 💌 Contact: andreamedina@hotmail.co.uk,andreamedina@hotmail.co.uk,8547,843,312310445,BTrfGHjhyD1,Andrea Medina,jhaudio,1andreamedina,,https://www.instagram.com/1andreamedina
🔹Drummer🔹maliksydnor@gmail.com🔹,maliksydnor@gmail.com,290,501,1588564102,BSxuKO0js7D,Malik Sydnor,jhaudio,maleekster,,https://www.instagram.com/maleekster
Audio ConnoisseurFOH/MON engineerianhsound@gmail.com,ianhsound@gmail.com,307,290,187161956,BTpDR6kjVEp,Ian Harper,jhaudio,ianhsound,,https://www.instagram.com/ianhsound
Guitarist for Madonna , LAKISSfootball , & Karmin + @MetalBladeRecords -For Guitar Lessons: lessons@montepittman.com @BravoTipping - Monte Pittman,lessons@montepittman.com,22792,3254,184874913,BUFE60zBMcl,Monte Pittman,jhaudio,montepittman,,https://www.instagram.com/montepittman
HK-based Online ShopSells Headphone, Wireless Bluetooth, Speaker, DAP, Cables.🌻 FREE Ship Globally🌻 info@MTMTshop.com🌻 (+852) 6088-5323,info@MTMTshop.com,1141,7503,2335732591,BToAeAZFNJg,www.MTMTaudio.com,jhaudio,mtmtshophk,,https://www.instagram.com/mtmtshophk
FOH Engineer in.   Manchester. Email will@whaudio.co.uk  to get in touch,will@whaudio.co.uk,583,987,550481627,BT_yLGUBG34,Will hurn,jhaudio,willhurn,,https://www.instagram.com/willhurn
Hi,i m cherry,from guangzhou QL lighting CO.,LTD.we are profressional follow spot and led light,whatsapp+8613433976125,email huahong001@hotmail.com,huahong001@hotmail.com,745,2207,1937826602,BT6zGPLFW1t,QL lighting-cherry,jhaudio,cherry520960,,https://www.instagram.com/cherry520960
The Fargo-Moorhead area's ONLY Energy Rock band!somedayheroes@gmail.comFollow the drummer Anthony @paistedrummerFollow the bassist Noah @noah.hans,somedayheroes@gmail.com,134,1552,3569363802,BSrFerPFkOF,Someday Heroes,jhaudio,somedayheroes,,https://www.instagram.com/somedayheroes
Drummer from Kingston 🇯🇲,can catch me on the road with Sean Paul.🔥EMAIL:kemarmoo@gmail.com #baddabanz,kemarmoo@gmail.com,2095,1018,344895219,BUE47PkAe5a,Kemar Liking,jhaudio,kemar_liking,,https://www.instagram.com/kemar_liking
Email: officialliberty2014@gmail.com,officialliberty2014@gmail.com,14,19,3561083264,BJUgKsYgFXL,Liberty,jhaudio,liberty_official_,,https://www.instagram.com/liberty_official_
Audio Engineer | Tour Manager | EMAIL: info@elmoarteaga.comSan Diego, CA,info@elmoarteaga.com,3034,2588,267459724,BT9-oHiFAnb,E L M O   A R T E A G A,jhaudio,elmoarteaga,,https://www.instagram.com/elmoarteaga
Producer|DJ|Engineer|EST19XX|CLE|soundcloud|Booking: slimgudz216@mgklaceup.com,slimgudz216@mgklaceup.com,94478,509,13133244,BUDnYAEAOZu,BlaqAbe,jhaudio,slimxx,,https://www.instagram.com/slimxx
...Husband | Dad | Photographer | Oracle DBA...email: photog@charter.net,photog@charter.net,367,819,232843269,BUFNBnhBnEv,Chuck Hughes Photography,jhaudio,huesphoto,,https://www.instagram.com/huesphoto
Original West End cast member of Close To You: Bacharach Reimagined. For Booking & Lessons: JamesWilliamsDrums@gmail.com,JamesWilliamsDrums@gmail.com,3148,2886,35268578,BHwxm-hBRwo,James Williams,jhaudio,jameswilliamsdrums,,https://www.instagram.com/jameswilliamsdrums
Music Producer | Artist | Audio Engineer Contact: okiined@gmail.com,okiined@gmail.com,350,1862,145642655,BOaYEayApy8,O'Kiinëd,jhaudio,okiined,,https://www.instagram.com/okiined
Two guys following a passion for the integration of quality audio and projection systems. 30+ years combined experience. Email: mgprosystems@gmail.com,mgprosystems@gmail.com,88,279,3461916893,BM_nTIAFT3I,MG Professional Systems,jhaudio,mgprosystems,,https://www.instagram.com/mgprosystems
2️⃣4️⃣ |FL✈️TX||Drummer||Producer||Clinician||snap: jtripletv #JTripMusick 🎸🎶🎹🎙 ForBooking: jtripmusick@gmail.com ✌🏾️https://youtu.be/Uy2WvTFZFkc,jtripmusick@gmail.com,2837,2955,22489570,BUFVT0hl1m1,James Hamilton Scruggs III,jhaudio,jtripletv,,https://www.instagram.com/jtripletv
🇺🇸International Touring Musician - Orange County - Mix Engineer - Fender - Guitarist for @camrynrocks austindmccarthy@yahoo.com,austindmccarthy@yahoo.com,656,440,9911159,BUAK7SYgZ7i,Austin McCarthy,jhaudio,aushit,,https://www.instagram.com/aushit
Designer | Photographer | Guitar Player | Cat Lover. 📷iPhone & X100F.WeChat: 243772577⠀⠀⠀⠀⠀⠀⠀⠀⠀Email: 90huichenlee@gmail.com,90huichenlee@gmail.com,196,254,1299092605,BScV3sgFy97,Huichen Li,jhaudio,huichen_li,,https://www.instagram.com/huichen_li
business::thelocalmake@gmail.com,thelocalmake@gmail.com,57,80,3100591121,BHBJ21fhruL,,jhaudio,thelocalmake,,https://www.instagram.com/thelocalmake
Unit 03, 1/F, United Success Commercial Centre, 506-508 Jaffe Road, Causeway Bay Mon-Sun:12:30-9:30pmEmail:info@dma-cafe.com,info@dma-cafe.com,638,55,2242418339,BOj6PRmDmyd,Dma Cafe,jhaudio,dma_cafe,,https://www.instagram.com/dma_cafe
服装设计师。找一份工作，日本，美洲，欧洲，澳大利亚，非洲！反正不在中国都行！tangjian2012hot@hotmail.com,tangjian2012hot@hotmail.com,554,6074,3073407414,BUE0j07gI--,tang,jhaudio,tang_agamemnon,,https://www.instagram.com/tang_agamemnon
Premium live party band collectively made up of some of the UK's top industry session musicians. Enquires & Bookings: thedailyspecialsband@gmail.com,thedailyspecialsband@gmail.com,108,196,1540569951,BTyqAL2lbEk,The DSP Collective,jhaudio,dspcollective,,https://www.instagram.com/dspcollective
| AMOR | PERDÓN | VIDA NUEVA |🎵 Baterista en Vida Nueva✉ Booking: eliabdrums@gmail.com📍 Ciudad de Guatemala, C.A.,eliabdrums@gmail.com,1963,3392,443857623,BUC0iQJF3a0,Eliab Cajas ‏ن,jhaudio,eliabcajas,,https://www.instagram.com/eliabcajas
Producer | Mixing engineer |Songwriter | Drummer thekulube@gmail.com,thekulube@gmail.com,5091,1876,502011540,BT4l5UaBf1m,Alen Konakoğlu,jhaudio,alenkonakoglu,,https://www.instagram.com/alenkonakoglu
The. Rock. String. Quartet. Period.Managed by Bella Entertainment Group ⬇️⬇️⬇️📞702-684-5797📧info@bellaentertainmentgroup.com,info@bellaentertainmentgroup.com,1018,772,505765680,BUC7owhB4Ap,Bella Electric Strings,jhaudio,bella4tet,,https://www.instagram.com/bella4tet
booking@verticalcurrent.com,booking@verticalcurrent.com,1732,3178,540378001,BT2TfLjFBBW,Vertical Current,jhaudio,verticalcurrent,,https://www.instagram.com/verticalcurrent
💯Official account singer/songwriter for @secreteyesband fitness,lover,traveler,music,fashion :Pittsburgh: contact:seth.coopr@gmail.com,seth.coopr@gmail.com,2435,5573,313133759,BUDRROpAWe1,Seth Cooper,jhaudio,imsethcooper,,https://www.instagram.com/imsethcooper
Musician, Hong Kong.Loves grooving, loves enjoying.#Bass #Drum #Composing#Jazz #Bossa #Groovy#TheAfternoonTeaEnquiry: siukeung.music@gmail.com,siukeung.music@gmail.com,181,460,3465401593,BMbkocGFAK-,Siukeung Lee,jhaudio,siukeung_bassydrummer,,https://www.instagram.com/siukeung_bassydrummer
Drummer for Whiplash, Solaria, and Gear Gods. For inquiries about drum reviews, email trey@geargods.net,trey@geargods.net,1952,7497,231418563,BUFXUnVBoHJ,Tom Tierney,jhaudio,audiotomahawk,,https://www.instagram.com/audiotomahawk
♡ MUSIC /// Graphic Designer • Food Artist.🕊 ✞ 〓 ❥ love GOD🍽 #SIMSIMcooking🥗 #SIMSIMsaladjar🌍 E // SIMSIMcooking@gmail.com,SIMSIMcooking@gmail.com,56787,2674,1441213939,BUFRB3ylwhp,🌸🌿   SimSim  C.  心心   🌿🌸,jhaudio,simsimcooking,,https://www.instagram.com/simsimcooking
Singer, fashion photographer, Former Platinum Trailblazer Leader At Tyra Beauty Cosmetics by Tyra Banks! 🎤😍❤💄🎤lastingbeautyco@gmail.com,lastingbeautyco@gmail.com,413,628,313786119,BTK0vdhjCfD,Kelly Vierling,jhaudio,kellyvierling,,https://www.instagram.com/kellyvierling
🎹 Music Producer • Song Writer • Music Director✉ gaboxg@gmail.com,gaboxg@gmail.com,1263,911,174344461,BUFaYpWAKsS,Gabox • G.González,jhaudio,gaboxg,,https://www.instagram.com/gaboxg
⚓️Los Angeles 🇦🇹                                    Musician johannesgmusic@gmail.com,johannesgmusic@gmail.com,2387,1575,1113773,BUDx_hxFJiC,Johannes Gritschacher,jhaudio,gridchecker,,https://www.instagram.com/gridchecker
Recording Artist & Songwriter (Pronounced Dee-or)Twitter & SnapChat: @Djoir✉️ Djoir@DjoirJordan.com🎶 Stream my new EP "Name On It" here:,Djoir@DjoirJordan.com,37711,3891,28316359,BUAVuXEF5Af,DJOIR JORDAN,jhaudio,djoir,,https://www.instagram.com/djoir
I play drums!!! joshedwardsdrums@gmail.com,joshedwardsdrums@gmail.com,475,1505,1836385271,BT-Fc8JF49p,Joshua Edwards,jhaudio,joshuaedwardsii,,https://www.instagram.com/joshuaedwardsii
If you are interested in SSA technology,please feel free to contact me.Jerry.chen@redxssa.com,Jerry.chen@redxssa.com,137,1516,3273305050,BK-WkgCDgEp,Jerry Chen,jhaudio,jmciii223,,https://www.instagram.com/jmciii223
Twitter @Dj_RageFacebook.com/TheDjRage BookDjRage@Gmail.ComWNFN i106/WQQK 92Q NashvilleKOPW 106.9fm Omaha @ShadyVilleDjs @Coredjsworldwide,BookDjRage@Gmail.Com,2895,2571,11277460,BUE7u1BDKjI,Dj Rage,jhaudio,kalmrage,,https://www.instagram.com/kalmrage
Músico BateristaContato: mykebatera@gmail.comFacebook: https://m.facebook.com/myke.moraes.5?ref=bookmarksWhatsapp  (81) 9 7910-8574,mykebatera@gmail.com,688,607,1191594522,BS3o71uggML,Mike Moraes,jhaudio,mike_batera,,https://www.instagram.com/mike_batera
Drummer for Shoreline Church ATX / Contact travis@travisdavismusic.com for booking. "Life is Short. Live it Well" -SF,travis@travisdavismusic.com,556,134,1498020889,BT74rwPlZh4,Travis Davis,jhaudio,travisdavismusic,,https://www.instagram.com/travisdavismusic
21 // Drummer // Melbourne, Australia.benjamingrahamdrums@gmail.com,benjamingrahamdrums@gmail.com,851,567,26115147,BT_GnWqD8Zn,Benjamin Graham,jhaudio,benjaminjgraham,,https://www.instagram.com/benjaminjgraham
Headshots,events,concert photography,will travel brodyphoto@aol.com,brodyphoto@aol.com,1604,2208,209396425,BUE8H16APOB,,jhaudio,betsybrodyphoto,,https://www.instagram.com/betsybrodyphoto
Half of @xytheduo 🎹Oscillators, Filters & Envelopes TweakerBWJedi SlayerJuventini#1611712 @violyint📩: tonelabproduction@gmail.comJakarta, ID,tonelabproduction@gmail.com,1747,2496,878346394,BT5grnMA1ur,Irwan Setiawan,jhaudio,irwan_setiawn,,https://www.instagram.com/irwan_setiawn
Концерты: Денис Ермолаев +7 985 920-71-71 9207171@gmail.comPR: Лиза Феофанова +7 903 158-31-19 liza_velvet@mail.ruwww.elkasinger.ru,9207171@gmail.com,956785,1430,208909399,BUENe2BFy1S,Елизавета Вальдемаровна,jhaudio,elkasinger,,https://www.instagram.com/elkasinger
📍 Adelaide, Australia🎷 Saxophonist/Clarinettist/Educator📺 Check out my YouTube Channel!✉️ Bookings: emile.ryjoch96@gmail.com,emile.ryjoch96@gmail.com,611,1589,227796699,BT_xHcVhbuA,Emile Ryjoch Music 🎷,jhaudio,emileryjochmusic,,https://www.instagram.com/emileryjochmusic
Custom made Ear products, In Ear Monitors, Comms, Hearing Protection in the Middle East. Gimme a call. Contact Simon at customears@outlook.com,customears@outlook.com,139,151,3262743657,BO7t74qjzPy,Simon Travis,jhaudio,custom_in_ear_monitors,,https://www.instagram.com/custom_in_ear_monitors
Audio engineer, 📧Anthony.avlproduction@gmail.com A.V.L.Rproductions "bringing your production to life ",Anthony.avlproduction@gmail.com,579,620,30676451,BUFYbEmjCFe,Anthony Solis,jhaudio,1xxthe_kidxx,,https://www.instagram.com/1xxthe_kidxx
Guitar & Bass Session Musician / Guitar & Bass Tech de @homelesstechPrensa Digital de @geartalkvzlaMail: carlos.martinez@geartalk.com.ve/04241078776,carlos.martinez@geartalk.com.ve,591,935,281102093,BUFgc0bjRkx,Carlos Martínez,jhaudio,supercarlos1994,,https://www.instagram.com/supercarlos1994
ADL // SA 🌏Betweenoceansandearth@gmail.com,Betweenoceansandearth@gmail.com,684,164,2110482472,BSx1awRgrmI,Between Oceans & Earth,jhaudio,betweenoceansandearth,,https://www.instagram.com/betweenoceansandearth
24 desember🎉🎂🎁My WA. 083875515434My Bbm. D547FA29My FB. Rochman syhputra drummerMy Email. Rohmanabd413@gmail.com,Rohmanabd413@gmail.com,325,1235,3236432028,BTzB5ULALSz,Rochman Syahputra,jhaudio,rochmansyhputra,,https://www.instagram.com/rochmansyhputra
😎Jesus lover,Music addict,#Recording/performing Drummer#🎵🎶🎧👉👉Victorkaro4@yahoo.comvideo link;👇👇https://youtu.be/s8RncBt1Adg,Victorkaro4@yahoo.com,3614,676,751292569,BUANiaKFyH4,VICTOR KARO,jhaudio,viktorkaro,,https://www.instagram.com/viktorkaro
Empresa dedicada al montaje y ejecución de todo tipo de eventos INF: 2530790  -3105134242 - 3147490010Caostp@gmail.ComMedellin - Colombia,Caostp@gmail.Com,826,1301,403512566,BTr0_sDlYZ1,CAOSTOTAL PRODUCCIÓN&LOGISTICA,jhaudio,caostp,,https://www.instagram.com/caostp
Songwriter/Producer/Engineer/Guitarist🎸24 | Houston | Texas | Traveler | 🎼🌲🗻✈️🇺🇸📩 wesedmonsonmusic@gmail.com,wesedmonsonmusic@gmail.com,1555,722,4689866,BTgg2o_Dr0V,Wes Edmonson,jhaudio,wesedmonson,,https://www.instagram.com/wesedmonson
🥁Touring & session drummer | recording artist | hired gun. Hitting with @GeorgiaFall. DW Drums, Evans & Meinl endorsee. Bookings: info@paulbain.com.au,info@paulbain.com.au,947,2451,23182011,BT6QWxPlc0u,Paul Bain,jhaudio,paulbainhits,,https://www.instagram.com/paulbainhits
Line: @Nurfridaeni0756_pinkonveksi Wa:081278701380/08981709361Pin bb:5F564462Ig: @nufridaeniFb:afrinurfridaeni@gmail.com.#onlineshop#pinkonveksi#,afrinurfridaeni@gmail.com.,853,4105,3197376874,BO9wMkBjmJv,Afri Nurfridaeni,jhaudio,nurfridaeni,,https://www.instagram.com/nurfridaeni
Drums is my passion and one love 🎶🎵🔛🔝🔜 for booking inquiries email me at nelson.troy5@gmail.com 〽️usikGeeks®,nelson.troy5@gmail.com,656,2242,1427465102,BSzyc0pjvdQ,Troy The Drummer,jhaudio,troynelsonofficial,,https://www.instagram.com/troynelsonofficial
Indonesian Idol 2012Endorsement info:📩reginaivanovaendorsement@gmail.com✞ Philippians 4:13 ✞,reginaivanovaendorsement@gmail.com,489170,744,5541508,BUEpU7nl00w,Regina Ivanova,jhaudio,ivanova.regina,,https://www.instagram.com/ivanova.regina
"Keep in mind that I'm an artist and I'm sensitive about my shit.." Producer. Engineer. Musician. Topnotchmusiq@gmail.com for inquiries,Topnotchmusiq@gmail.com,696,571,294778367,BQEtinYjty-,KmellowJisWannaGrammy,jhaudio,mellowmusik,,https://www.instagram.com/mellowmusik
بازار العرب تسوق من تركيا حول العالمFacebook:bazzar.al.Arabbazzar.al.arab@gmail.com +905345481851Turkey. IstanbulSkype:kinan.homs,bazzar.al.arab@gmail.com,936,7403,3116003094,BQ7nbRygMCu,kinan al abyad,jhaudio,bazzar.al.arab,,https://www.instagram.com/bazzar.al.arab
Narmiriati889@gmail.comJambi_Padang (Pasisiah_Sumatra Barat)😊😄,Narmiriati889@gmail.com,790,1162,3174181211,BTIdV37DG6P,Ria Poetri Kampaiiee,jhaudio,ria_poetri.kampaii,,https://www.instagram.com/ria_poetri.kampaii
LA. Keys. Bass. Audio. Cocktails. Fun! michaelnardonemusic@gmail.com,michaelnardonemusic@gmail.com,755,890,26872243,BT0RmOSFZTg,Mike Nardone,jhaudio,mnardone_irl,,https://www.instagram.com/mnardone_irl
Dj, Brazilian brooking: djrodrigopacciani@gmail.com,djrodrigopacciani@gmail.com,694,1820,352201492,BUDyWvhF65y,Rodrigo Pacciani,jhaudio,djrodrigopacciani,,https://www.instagram.com/djrodrigopacciani
這邊只分享 ^^ /WeChat ID William1319 /📧dr.william.sun@gmail.com/ phone : +852 91857074,dr.william.sun@gmail.com,151,1044,3163837196,BTlsOc0Ac0P,William Sun,jhaudio,kamsunsun,,https://www.instagram.com/kamsunsun
Booking Info: williebmusic318@gmail.com or 318.946.4131 New Song Available on Youtube!!! #WeNeedYouLord,williebmusic318@gmail.com,787,343,3135032204,BQvjpBHBYft,TheTaylor Crew,jhaudio,thetaylorcrewmusic,,https://www.instagram.com/thetaylorcrewmusic
Music Manager for Sarah Barrios @sarahbarriosmusic Booking: sarahbarriosbooking@gmail.com Booking for JBARR,sarahbarriosbooking@gmail.com,853,1240,196156862,BUDqM88AVFT,trishbarrios,jhaudio,trishbarrios,,https://www.instagram.com/trishbarrios
American Idol Winner XIV nfradianimedia@gmail.com,nfradianimedia@gmail.com,103975,5641,23569589,BUFeLNgFpuF,,jhaudio,nickfradiani,,https://www.instagram.com/nickfradiani
Listen, Play, Singing music foreverstdanieltan@gmail.com,stdanieltan@gmail.com,602,3085,2183161733,BT3tisYgiqi,daniel_dayentan,jhaudio,daniel_dayentan,,https://www.instagram.com/daniel_dayentan
Living in SoFlo🌅 Front Of House engineer/Production Manager/Technical Director 🔈🔉🔊🎧🎸🎤🎹🎧🔊🔉🔈 antonfaudiodesign@gmail.com,antonfaudiodesign@gmail.com,483,608,19053898,BUFCMYRlxKY,antonfoh,jhaudio,antonfoh,,https://www.instagram.com/antonfoh
古着屋　旅行　喫茶店　神戸　が好きですスマホで撮ってます　[blackberry  priv]harukikakuta@zoho.com[景観と想いでより],harukikakuta@zoho.com,52,68,2248497995,BTyhp9uAUWM,harukikakuta,jhaudio,harukikakuta,,https://www.instagram.com/harukikakuta
Singer. Model. Weird Kid. Partner of @stacie.mai ❤️ Enquiries and contact - phil.marsh.me@outlook.com,phil.marsh.me@outlook.com,2211,892,12791208,BUESNEKAsOs,Phil Marsh,jhaudio,philly.marsh,,https://www.instagram.com/philly.marsh
Part of uniQly and ZONA | STMIK Indonesia Banjarmasin '13 | aldyrizaldy95@gmail.comuniQly - Tega,aldyrizaldy95@gmail.com,699,816,1147438720,BT5RhuYDYoG,aldy uniQly,jhaudio,aldyuniqly,,https://www.instagram.com/aldyuniqly
Dj - Productor de eventos - Art Loverinfo.djrei@gmail.com@djreiperu,info.djrei@gmail.com,129,223,3095591876,BTNkCwDhjyl,DJ. REI,jhaudio,dj.rei,,https://www.instagram.com/dj.rei
Custom packages for all occasions. Everything included from food to transportation. miaincluded@gmail.com,miaincluded@gmail.com,4241,2903,2218377639,BSB0J3KA5aE,,jhaudio,miamiincluded,,https://www.instagram.com/miamiincluded
**Bassist|Musician|Producer**Email: tomaszbass@gmail.com,tomaszbass@gmail.com,90,253,455553551,BPDhYIAh7Mv,Mateusz Tomaszewski,jhaudio,tomaszbass,,https://www.instagram.com/tomaszbass
Email: ririntarigan88@gmail.com,ririntarigan88@gmail.com,434,212,461098881,BT-tv1Vl2P7,ririntarigan,jhaudio,ririntarigan88,,https://www.instagram.com/ririntarigan88
"Prepare for tomorrow"📮ahmadbagus630@gmail.com - Arum Tenda Wedding Property -- Line : masmbus -- Steam : masgmbs -- [TKCI] MAGELANG -- [✖‿✖] -,ahmadbagus630@gmail.com,621,573,2059879616,BTnT-OIFTic,Ahmad bagus wibowo,jhaudio,baguss_ahmad,,https://www.instagram.com/baguss_ahmad
Ekussoundstudio.info@gmail.comWtsapp:696020035,Ekussoundstudio.info@gmail.com,42,219,2937872524,BDV2w_Mp3ci,EkusSound Studio Granada,jhaudio,ekussoundstudiogranada,,https://www.instagram.com/ekussoundstudiogranada
Studio de Ensayo/Grabación ProfesionalRoberto Pastoriza #9, Ensache Naco.Studio808RD@gmail.com829-766-8992,Studio808RD@gmail.com,483,867,2982999982,BT5FAUkl59W,Studio 808,jhaudio,studio808rd,,https://www.instagram.com/studio808rd
Just relocated back to Taiwan after almost 4 years living in the US(SF and NYC). Fashion buyer wannabe. Inquiry: fangchengchou@gmail.com,fangchengchou@gmail.com,215,1915,175154594,BIArOJBjpx7,Fang-Cheng Chou,jhaudio,fra763,,https://www.instagram.com/fra763
Pro saxophone player - Endorsed by Selmer saxophones, Theo Wanne mouthpieces, Legere reeds and JH Audio IEMsbookings: jason@jasonwhitmore.com,jason@jasonwhitmore.com,3928,2246,1282049257,BUFdpFhAleI,Jason Whitmore,jhaudio,jasononsax,,https://www.instagram.com/jasononsax
Tachira - Venezuela jbdrumsticks@gmail.com,jbdrumsticks@gmail.com,270,1199,2918620794,BRTUn-cgEP8,JBInstrument,jhaudio,jbdrumsticks,,https://www.instagram.com/jbdrumsticks
Intergalactic planetary ..planetary intergalactic ...Touring / session /drummer. The Delta Riggs + (Various artists) ebourakis@gmail.com,ebourakis@gmail.com,434,631,34903607,BS72kGnFWMs,manni Bourakis,jhaudio,mannibourakis,,https://www.instagram.com/mannibourakis
Société d'audiovisuelContact : info@g2-events.be,info@g2-events.be,153,461,2560973498,BUFjO9FFAyu,G2 Events,jhaudio,g2events,,https://www.instagram.com/g2events
Young Music based photographer from Melbourne. For any enquiries please email me at: Joeycagreig@gmail.com,Joeycagreig@gmail.com,144,573,2714730742,BI85KomjFNw,Joey Greig Photography,jhaudio,joeyg_photography,,https://www.instagram.com/joeyg_photography
VICEVERSA MANAGEMENT - BOOKING & EVENTSviceversa.cv@gmail.com,viceversa.cv@gmail.com,889,2438,1513722487,BUAH8T_A3-M,BIG IMA™,jhaudio,big_ima_official,,https://www.instagram.com/big_ima_official
8206 Biscayne Blvd Miam ,FL 33138. CEO 305-299-2093 Celebrity Image consultant. #TZEBrick WHOLESALE AVAILABLE: email me : tierzeroekin@gmail.com,tierzeroekin@gmail.com,24200,6722,17525824,BUFZt9sgZ04,Designer LeoFashionAmbassador,jhaudio,tierzeroekin,,https://www.instagram.com/tierzeroekin
Dj & Host. Weddings, Corporate events & clubs. For booking contact me @ Djtye@me.com /Jason Riley 646-258-9942 jcriley@rileyentertainmentgroup.com,Djtye@me.com,1466,1018,213057141,BT43BaBDRXr,djtye1,jhaudio,djtye1,,https://www.instagram.com/djtye1
🎸Guitarrist📝Songwriter 🎚Music Producer📽Video Maker🎸🔥Bands: Cidade Negra / Mauricio Baia📩 mail@caesarbarbosa.com,mail@caesarbarbosa.com,8286,1505,986405,BT-1DS6lh0z,C a e s a r   B a r b o s a,jhaudio,caesarbarbosa,,https://www.instagram.com/caesarbarbosa
For Booking Info Email Us At 3meent@gmail.com #Trueazplayz #TAP4iFe #3ME @tailibanlilgino @zoepapimhttps://soundcloud.com/3ment,3meent@gmail.com,1507,7494,185856667,BTwPxJClogl,Push Green,jhaudio,pushgreen23,,https://www.instagram.com/pushgreen23
Elevated Music Studio - Vancouver,BC. ElevatedMusicOnline@gmail.com,ElevatedMusicOnline@gmail.com,827,3237,386570184,BT0dpktA3K9,Elevated Music Official 🔈🎼🎹,jhaudio,elevatedmusicofficial,,https://www.instagram.com/elevatedmusicofficial
Photographer based in Jakarta, Indonesia. 📞 (whatsapp) 081295716523 Line : zakifariz 📩 : mzakifariz@gmail.com Check out my portfolio : @zfphoto,mzakifariz@gmail.com,3316,692,8439098,BUEqc7AAWER,Muhammad Zaki Fariz,jhaudio,zakifariz,,https://www.instagram.com/zakifariz
Tour & Destination Wedding Photographer. @lauraflowersphoto 💍booking 2017 engagements, weddings & elopementsInquiries | rayduker@gmail.com,rayduker@gmail.com,12397,1069,416410546,BTU33CxDBxY,RAY DUKER,jhaudio,rayduker,,https://www.instagram.com/rayduker
Audio Engineer in Detroit, MI.anthony@reinforcement.com,anthony@reinforcement.com,418,652,224189821,BTP3_jyjHf5,Anthony F Goodwin,jhaudio,afgaudio,,https://www.instagram.com/afgaudio
Music Artist | Songwriter | Producer | Consultant @mcleanbible @mcleanworship @mbcprincewilliam gavindavisbooking@gmail.com fb/gavindavismusic,gavindavisbooking@gmail.com,2262,2081,33292543,BUFUBakj2dg,@GavinDavis,jhaudio,gavinthe1st,,https://www.instagram.com/gavinthe1st
Cantora, compositora e produtora de Brasília/DF. Contato para shows: (61) 99267-1234 contato@danielafirme.com.br,contato@danielafirme.com.br,2784,1987,1300204,BUFUd8tDuhM,Daniela Firme,jhaudio,danielafirme,,https://www.instagram.com/danielafirme
Drummer🎶•Promoter🔌 •Music Director🎼•RadioPersonality📻 #FBMEntertainment caters to all ur Live Entertainment Needs🎶🎥📷📄 FlyeBoyMusicGroup713@yahoo.com,FlyeBoyMusicGroup713@yahoo.com,1469,3047,11646720,BT303H5l0YE,McFlye Miller,jhaudio,fbmentertainment,,https://www.instagram.com/fbmentertainment
Creators of ShokWood™, ShokRes™ and ShokExtreme™ for knives, pens, bowls, pepper mills, rings, pipes, vaporizers, and more. Tom@beyondwoodproducts.com,Tom@beyondwoodproducts.com,25745,2746,733279078,BUE9W6dgDBW,Tom Stone,jhaudio,beyondwoodproducts,,https://www.instagram.com/beyondwoodproducts
AseSoría de Audio para tu Evento | Bodas,Conferencias,Academias,Ceremonias y más | Mty, N.L Info: soriasound@gmail.com snap:soriasound +(52)8110500331,soriasound@gmail.com,642,2388,1999496426,BF2RHdjlk-Y,SoriaSound,jhaudio,soriasound,,https://www.instagram.com/soriasound
Pixcel📭 amrdng@hotmail.com🏠 Bandung, ID,amrdng@hotmail.com,126,115,1551081025,BRs4L_wjaNH,AM Dhaniputra,jhaudio,amrdng,,https://www.instagram.com/amrdng
Drums, Sessions & TouringSan Francisco, CA U.S.A.@worthtaking @the_fourth_and_kingSJC Zildjian Pearl Remo VicFirth✉️ ChaseKossackDrums@gmail.com,ChaseKossackDrums@gmail.com,416,463,2978970994,BTYTW5PBif8,Chase Kossack,jhaudio,chasekossackdrums,,https://www.instagram.com/chasekossackdrums
545 Orchard Road#05-10A Far East Shopping Centre+6597896899e1pasg@gmail.com,e1pasg@gmail.com,916,19,487332089,BUE1x6ijoSG,E1 Personal Audio Sg,jhaudio,e1pasg,,https://www.instagram.com/e1pasg
Email: johnque6@yahoo.com | Baton Rouge, LOUISIANA. DRUMS. SC: johnque6,johnque6@yahoo.com,1552,2363,144296851,BUCvwBmjjF4,John Stutts,jhaudio,stutts__,,https://www.instagram.com/stutts__
For booking email me: Isaiah.bright@yahoo.com,Isaiah.bright@yahoo.com,196,538,1729627731,BR_3IEyjvSE,Le'shuan,jhaudio,ibrightleshuan,,https://www.instagram.com/ibrightleshuan
Music=My Life lol💯🎸🎹🎶 22yrsOld w/Big Dreams I❤️Jesus MEM✈️CHI Music is a Universal language💯🎶 Booking:dvernerjr@icloud.com,dvernerjr@icloud.com,7699,2480,325738146,BTuCvRJAqN_,Dwayne "Dj" Verner Jr.,jhaudio,in_thekeyof_d,,https://www.instagram.com/in_thekeyof_d
Snapchat : jbarzmusic Rap/hip hop Artist/writer BROOKLYN Grinding for Success !!! For features or bookings jbarzbkny@gmail.com,jbarzbkny@gmail.com,1873,2735,406469995,BUEzbVkh2Wl,JBarZ,jhaudio,therealjbarz,,https://www.instagram.com/therealjbarz
Dos álbumes nominados al Latin Grammy.  Un Premio MTVLA, dos EMA's y un KCA todo por el ROCKn'ROLLCONTRATACIÓN:✉dt@dontetto.com 📞+57 (1) 3836204,dt@dontetto.com,62629,144,222633560,BUAuPfEl65I,Don Tetto,jhaudio,dontetto,,https://www.instagram.com/dontetto
🏆2x Grammy Nominated Producer | Engineer |DJ| Remixer ⚫️The Klasix 🏴Black House Mixing #JUSTAREGULARDAY ✉️Management: Info@justaregularday.com,Info@justaregularday.com,3313,1000,26391360,BT-G3T-lRH4,Black Mic™,jhaudio,dablackmic,,https://www.instagram.com/dablackmic
NOTICE:Overseas Distributors Wanted:Pls talk to me:)Alex Fan E-maill Address:alexfan@paiaudio.comWechat: alexnngSkype:alexfannng,alexfan@paiaudio.com,389,907,2945498622,BOYlj1Ohd_O,Alex Fan,jhaudio,alexfannng,,https://www.instagram.com/alexfannng
Dream big, live simple. Painting|Illustration|Graphic Design|Tattoos >> @nomadarthiveNomadarthive@gmail.com,Nomadarthive@gmail.com,429,1915,966200525,BUFKm0IlA62,John Schumacher,jhaudio,jschumacher88,,https://www.instagram.com/jschumacher88
Alasdairwells@hotmail.com,Alasdairwells@hotmail.com,599,647,461217805,BUAZCxOhAoc,Alasdair Wells,jhaudio,alijwells,,https://www.instagram.com/alijwells
Bay Area Metal | Self-titled EP OUT NOW | For booking: aneverband@gmail.com | 'Dead To Me' music video available in the link below! 👇🏻,aneverband@gmail.com,1596,676,1527595211,BUFYmmQh-N-,Anever,jhaudio,aneverband,,https://www.instagram.com/aneverband
Drummer • Sound Engineer • Advanced Ears • Tru Tuner • RimRiser • Email: Chrish159@yahoo.com,Chrish159@yahoo.com,704,927,47834734,BTK1CGxAU6k,Chris Hernandez,jhaudio,chris_hernandez20,,https://www.instagram.com/chris_hernandez20
Based in Orlando FL provides backline rental equipment and superior technicians for your events! Call 407-284-1249 or email: Sales@GoBackline.com,Sales@GoBackline.com,174,213,1024516004,5sJtogD7ef,Go Backline,jhaudio,gobackline,,https://www.instagram.com/gobackline
© Little Scar Degeneration (Official Instagram Page) Fusion/ Art Rock/ Indie Rock/ Psychedelic Rock/. Thelsdofficial@Gmail.com Twitter & Facebook. 📲,Thelsdofficial@Gmail.com,329,2674,1700394321,BGWKXBKQ4qF,Little Scar Degeneration,jhaudio,thelsdofficial,,https://www.instagram.com/thelsdofficial
Singer, guitarist & arranger. AC/Philly. Anderson Guitars/D'Addario/JH Audio/Hughes & Kettner artist. 📨Booking: Dan@DanJost.com Guitar/Vocal lessons:,Dan@DanJost.com,590,691,248287033,BTXCsj8AisS,Dan Jost,jhaudio,dan_jost,,https://www.instagram.com/dan_jost
📀 Award Winning Music Producer💻 Entrepreneur📓 Writer🙌🏾 Family Man👻 iAmAndreHill📧 iamandrehill@gmail.com@Rich20something book ⬇️,iamandrehill@gmail.com,2349,7504,19992771,BUADy1YgviY,Andre Hill,jhaudio,iamandrehill,,https://www.instagram.com/iamandrehill
🇹🇭🇳🇿 25 , DancerFitnessSneakerhead👟👞Melbourne, AUS 👻snapchat: doiza✉️boadin.limpuvadal@gmail.com<3 NATJAKORN,boadin.limpuvadal@gmail.com,11217,4875,23153531,BUEW1NAhfS-,Doiz_limpuvadal,jhaudio,dadoiz,,https://www.instagram.com/dadoiz
Audio engineering in Des Moines, IA logan@middaystudios.com,logan@middaystudios.com,1500,926,5943275,BUFg7jCFm_C,Logan Christian,jhaudio,loganchristian,,https://www.instagram.com/loganchristian
Hi yall, I'm a photographer and RN from Austin. Feel free to repost pics & credit me if you do. Its just good karma. Email me at glenurse@gmail.com,glenurse@gmail.com,2074,7497,2917241,BUFitP-Bnt4,Glensfilter,jhaudio,glensfilter,,https://www.instagram.com/glensfilter
Session drummer | Producer | Composer | ClinicianBased in London 🇬🇧Booking and enquiries: Kazrodriguezdrums@hotmail.com 👇🏽,Kazrodriguezdrums@hotmail.com,54999,1024,17327830,BT_njFIhOBd,Kaz Rodriguez,jhaudio,kazdrums,,https://www.instagram.com/kazdrums
Fb. iqbal ramadhan60@ymail.comPhone. 082392169626BBm. 5ADDFC1EKeinginan adalah sumber. Penderitaan.Tempatnya d dalam pikiran.😂😭😁😊😉#^_^#^_^||^,ramadhan60@ymail.com,311,619,2070205336,BBJtV8VhUSB,iqbªl_jhonson,jhaudio,dafid_froling,,https://www.instagram.com/dafid_froling
8/11/97. Indonesian. INFP@TheOvertunes. CP: HelloTheOvertunes@gmail.com. Below are some photos you might like,HelloTheOvertunes@gmail.com.,135697,3577,39125381,BT6rmy1lxtg,Mikha Angelo,jhaudio,mikha97,,https://www.instagram.com/mikha97
🎙 Singer | Musician | Actor🎬 Youtube : Aldy Maldini 📮 Business : Aldy@Eksisbanget.com☎️ Event/Offair : 085218848882 (Bael)👇🏻 Nonton Video baru 👇🏻,Aldy@Eksisbanget.com,721451,1186,2286122223,BUFLeqmjWvA,Aldy maldini,jhaudio,mr.siregar14,,https://www.instagram.com/mr.siregar14
@Denis prtama:Fb     :   jhu_ net@yahoo.comLine  :   pratama_denisPath :   pratamadenis320@gmail.com,net@yahoo.com,846,3792,2462179962,BS_U26ghDqj,denis pratama,jhaudio,denis_pratamadevil,,https://www.instagram.com/denis_pratamadevil
Enquiry for : Weddings & EventsVenue : Duchess PlaceContact : 1-300-88-6800Email : duchessplace@gmail.com,duchessplace@gmail.com,1600,4128,2099122028,BTbTIAhBc0V,Duchess Weddings Kuala Lumpur,jhaudio,duchessweddings,,https://www.instagram.com/duchessweddings
Drummer of @shapescolorsmi || @jannabobier❤️ || Session drummer || scottsolomondrums@gmail.com,scottsolomondrums@gmail.com,844,730,145130150,BTUivstgWCp,Scott Solomon,jhaudio,scotterhunter,,https://www.instagram.com/scotterhunter
An Entrepreneur, Network Marketer, Traveller, a Leader and a Friendzolanindabambi@gmail.com,zolanindabambi@gmail.com,1890,7407,1708769634,BSJqMTxANjM,Zolani Ndabambi,jhaudio,zolanindabambi,,https://www.instagram.com/zolanindabambi
Little and newest recording studio located in The beautiful island of Sardinia (Italy). Available for Mix/Mastering online. whisperingstudio@gmail.com,whisperingstudio@gmail.com,627,2324,2072819403,BTJKjH6BGRU,Whispering Death Studio,jhaudio,whisperingdeathstudio,,https://www.instagram.com/whisperingdeathstudio
Promoter/Artist at Beautiful Soulz Entertainment! Cleveland/AkronFor booking/features email beautifulsoulz216@gmail.com,beautifulsoulz216@gmail.com,338,1495,2182903613,BUACUdog_67,Josh Helton,jhaudio,bosshelton,,https://www.instagram.com/bosshelton
I sing & stuff🎙29, CA 🇺🇸Singer | Musician father of 2For bookings and inquiries 🔛📩 markmywordz13@gmail.com,markmywordz13@gmail.com,1474,309,2165220295,BPx6XG0lcM3,Mark Bonello,jhaudio,markmywordz13,,https://www.instagram.com/markmywordz13
Handcrafted High Purity Cables from İstanbul▶Custom Cable Works, Recabling Service, Review etc;✉️ info@bocuraudio.com⬇⬇⬇⬇⬇,info@bocuraudio.com,144,449,2319421700,BQahcW-hOrM,Bocur Audio,jhaudio,bocuraudio,,https://www.instagram.com/bocuraudio
🎵#ragenaked🔊Deftal DJs🏖Club LaVela (PCB, FL)🎼Chill Lounge👻SnapChat: DJLew📱Social Media: djlewmusic✈️Bookings: djlewmusic@gmail.com⬇️NEW MIX⬇️,djlewmusic@gmail.com,10546,2347,321379965,BT-D0YKBXCf,DJ Lew,jhaudio,djlewmusic,,https://www.instagram.com/djlewmusic
+Pollow me#tlpn→WA.0895800004008-081322218886#pin me-5ccc4306#line-250186jean#fb-janegunsstailor@gmail.com,fb-janegunsstailor@gmail.com,663,3933,1722282352,BUBEZ8khn75,Jaen_cloth_olshop_BDG.id,jhaudio,jaen_cloth_olshop_bdg.id,,https://www.instagram.com/jaen_cloth_olshop_bdg.id
Custom up-cycled lamps, glassware, and accessories. Contact Rob at Litupboozelamps@gmail.com for custom orders, whole sale info and inquiries,Litupboozelamps@gmail.com,304,898,1812833805,BOOBNnRAR6b,Lit Up Brand Booze Lamps,jhaudio,litupboozelamps,,https://www.instagram.com/litupboozelamps
Shows: erickdanielcantor@gmail.com,erickdanielcantor@gmail.com,70049,647,214687441,BUE3Nbtj692,Erick Daniel,jhaudio,erickdanielcantor,,https://www.instagram.com/erickdanielcantor
Son / husband / daddy / brother /singer / host / actor🤘🏽enquiries please email to adlinaabubakar83@gmail.com SPAMMERS WILL BE BLOCKED,adlinaabubakar83@gmail.com,1094451,787,366697175,BUFEOdzDBMh,Alif Satar,jhaudio,alifsatar,,https://www.instagram.com/alifsatar
Creating intergalactic experiences through art, design and spacial aerodynamics. Made in Space™ for Inquiries & projects: jsimecreative@gmail.com,jsimecreative@gmail.com,539,3632,2219539194,BQTDMWIFY0D,Bionic Chipmunk Collectives,jhaudio,bionicchipmunk,,https://www.instagram.com/bionicchipmunk
Bass Player • Music • LA • diegom.bass@yahoo.com,diegom.bass@yahoo.com,106,402,2318639792,BHqlrKIBMH2,Diego Alejandro Moran,jhaudio,dbassmusic1,,https://www.instagram.com/dbassmusic1
3 dads being uncool from Berks County, PA. Contact us at tastingcoloursband@gmail.com. Let's hang, let's jam, let's go to Denny's. 🎈🎷🎈,tastingcoloursband@gmail.com.,672,6567,1566955019,BKo0XSXgrq-,Tasting Colours,jhaudio,tasting_colours,,https://www.instagram.com/tasting_colours
Providing drummers from around the world a community through local and global networkinghttp://www.facebook.com/drumcenternhinfo@drumcenternh.com,info@drumcenternh.com,22467,659,221839037,BUC2hAGA33m,Drum Center Of Portsmouth,jhaudio,drumcenternh,,https://www.instagram.com/drumcenternh
Travelpreneur +628159134107 or email efsukie@yahoo.com,efsukie@yahoo.com,1907,7496,1571371120,BSLwG2xDwo5,FajarSuki,jhaudio,fajarsuki,,https://www.instagram.com/fajarsuki
For business inquires contact info@avenuevisuals.com,info@avenuevisuals.com,284,161,2303651424,BUDBbH_FrCj,Avenue Visuals,jhaudio,avenue_visuals,,https://www.instagram.com/avenue_visuals
Career Multi-tasker,  Cerebro Luxe Body Products, size XL, size 12 storm@storm9000.com  818 308 5703,storm@storm9000.com,560,1376,52352339,BUESj5MlD5r,Storm9000,jhaudio,storm9000_,,https://www.instagram.com/storm9000_
Singer || Songwriter 🎙theandremelobooking@gmail.com 📩,theandremelobooking@gmail.com,964,642,197600155,BUAFHyTFWoG,André Melo,jhaudio,theandremelo,,https://www.instagram.com/theandremelo
FB: dick.chiu.9@facebook.com,dick.chiu.9@facebook.com,415,535,285995306,BK41ZSCDh0-,Dick Chiu,jhaudio,dickchiu,,https://www.instagram.com/dickchiu
A guy who is passion about audio.    email: tjthesoundguy@gmail.com,tjthesoundguy@gmail.com,60,166,2301716464,BSlk0I7ABGU,Tj Lovo,jhaudio,tjthesoundguy19,,https://www.instagram.com/tjthesoundguy19
Drummer | Producer // Vancouver, BCContact: sheadleymusic@gmail.com,sheadleymusic@gmail.com,627,4013,2297487501,BTr3Ct-BgEi,Shaquille Headley,jhaudio,shaquilleheadley,,https://www.instagram.com/shaquilleheadley
Home of good music, and great musicianship 📧 : archipelagiomusic@gmail.com,archipelagiomusic@gmail.com,586,382,1517115611,BUEyrL5lwcJ,Archipelagio Music & Orchestra,jhaudio,archipelagiomusic,,https://www.instagram.com/archipelagiomusic
Mixer/Producer/Musician Email for projects: matthew@thebeardedgaffer.info,matthew@thebeardedgaffer.info,176,472,1411952173,BTl_lfkA_dh,Matthew James,jhaudio,thebeardedgaffer.info,,https://www.instagram.com/thebeardedgaffer.info
Musico y cantante en Pison Hard Rock. Pobre pero honesto. Acuario y Escorpio. Hard Rocker. Twitter: blackantaresokMail: guillermosdmk@gmail.com,guillermosdmk@gmail.com,406,3335,1991245242,BS9_zesAPXk,Black Antares,jhaudio,blackantaresok,,https://www.instagram.com/blackantaresok
☀️有嘢搵我撈請聯絡：katherine.chu@suneg.com ☀️💥玩爆你個腎💥 💙the baddies💛👽我是一個小鼓手👽🐀ViuTv 真PK主持🐀⚡️LMF / Hardpack⚡️,katherine.chu@suneg.com,87421,1286,319533050,BUEpZouFAoX,Kevin Li / 李健宏 's Little Diary,jhaudio,kb_kevinboy,,https://www.instagram.com/kb_kevinboy
For Bookings, Hosting, Features, Sponsors & Business Inquiries: Skylandblvd@gmail.com 205 | 407 | 404 | "the artist known as: HeavyJones aka YungSky"👇,Skylandblvd@gmail.com,1101,4915,9842974,BUDCa9IDZ4B,🤘🏾"H"🤘🏾,jhaudio,skylandblvd,,https://www.instagram.com/skylandblvd
Email. Arya2702@gmail.comPin.5AC758C0Wapp. 085368443919,Arya2702@gmail.com,127,370,2272299272,BDZ9GyLwsbJ,Arya Rezpectoer,jhaudio,aryarezpectoer,,https://www.instagram.com/aryarezpectoer
Love is the power of loveBbm 5ad98000Email : rositasmbln@gmail.com,rositasmbln@gmail.com,537,3093,2271846726,-lLv4KGv0D,rous iet a'shem loen,jhaudio,rositasimbolon,,https://www.instagram.com/rositasimbolon
Para ventas y asesoría contáctanos en: instockms@hotmail.com WhatsApp: (+57) 300-556-7791,instockms@hotmail.com,824,914,45107121,BT9FTGCjyjh,IN STOCK MUSIC STORE,jhaudio,instockms,,https://www.instagram.com/instockms
🇺🇸 Our Organic Skincare is Formulated Naturally to Purify & Exfoliate Your Face & Body Super Moisturizing Erase Line & Wrinkleneossoaps@gmail.com,neossoaps@gmail.com,1340,7781,336215841,BT9VwDJjb4g,Atlanta Georgia,jhaudio,neossoaps,,https://www.instagram.com/neossoaps
Twitter:rocophotography. Website under construction. For booking email: rocopics@gmail.com,rocopics@gmail.com,2632,6912,13935303,BSAN08nAOKs,sergio  arroyo,jhaudio,rocophotography,,https://www.instagram.com/rocophotography
For business inquiries email: jmzgear@gmail.com,jmzgear@gmail.com,13763,2503,145914933,BUE_pn8AuQp,Joey "JMZ" Jimenez,jhaudio,jjcrue,,https://www.instagram.com/jjcrue
Custom pedalboards |Est. 2015| solidrockcustoms@gmail.com,solidrockcustoms@gmail.com,386,959,2048119613,BSSEZksjLg8,Z. Mussmon,jhaudio,solidrockcustoms,,https://www.instagram.com/solidrockcustoms
🇭🇰fashionstyling/music/art🎵newsingle 親愛的你好嗎💌enquiry: mayao@fameglory.hk,mayao@fameglory.hk,156051,7395,1028970,BUEvSQLBWex,Mayao 馬天佑 🔫,jhaudio,mayaoo,,https://www.instagram.com/mayaoo
Father of Luke Paul LopezMulti-InstrumentalistSession DrummerDrum Inquires:  LopezJr1997@Gmail.Com,LopezJr1997@Gmail.Com,808,486,434978896,BARI8VuvOQu,Allan Paul Lopez Jr.,jhaudio,paullopeztx,,https://www.instagram.com/paullopeztx
Custom sound enhancement and hearing protection for NYC ~ hearingnyc@gmail.com,hearingnyc@gmail.com,55,44,1769768645,BNvKU85BkhV,Kit Frank Audiology,jhaudio,hearingnyc,,https://www.instagram.com/hearingnyc
Ab3nkco cesperPin :53D65675FB  :abenco.doank007@yahoo.comHp  :085372705756,abenco.doank007@yahoo.com,351,4388,1694314983,1WuzWKzeOn,T.Ab3nkco SH. MHP.,jhaudio,ab3nkco_gib3nk,,https://www.instagram.com/ab3nkco_gib3nk
"Make It Right" available now! - booking@ZackMufasa.com 🍕👽 - strings 🎸 @ZMB, keys 🎹 @77Jefferson #JoinThePride,booking@ZackMufasa.com,3053,4419,19976620,BTuSZnQD1mK,Zack Mufasa Newton,jhaudio,zackmufasa,,https://www.instagram.com/zackmufasa
Humble Illustrator & g.designer.for design jobs plz contact at E-mail 📩:morinleo20@gmail.comOl shop IG : the_attic_storeKopitiam IG : littlekitch3n,morinleo20@gmail.com,716,3357,34593524,BUErJ0mlLxY,家嘉,jhaudio,momo_mojito,,https://www.instagram.com/momo_mojito
Rock Band - Fort Wayne - Indiana ----------- Kyle Schiffli, Tommy Winter, Justin Sunday, Lucas Anderson booking: barky.speaker@gmail.com,barky.speaker@gmail.com,1470,6876,2081853718,BKYUtgSDNqS,Barky & Speaker,jhaudio,barky.speaker,,https://www.instagram.com/barky.speaker
Singer/songwriter based in Dubai, massive poser and lover of all things musical!Snap: leannakerryinfo@leannakerry.co.uk,info@leannakerry.co.uk,10044,4026,275404318,BTyOoPDA8SE,Leanna Kerry,jhaudio,leannakerrymusic,,https://www.instagram.com/leannakerrymusic
Agencia Publicitaria • Diseño Gráfico Comercial • Diseño Corporativo Estratégico • @AgendasReinart📲 (0414) 0561159📨 reinart.ad@gmail.com,reinart.ad@gmail.com,1453,905,1522113120,BT86Ojvg8-5,REINART DISEÑO,jhaudio,reinartdiseno,,https://www.instagram.com/reinartdiseno
🍴 Outside Catering 🍱 Lunch Box 🎂 Birthday / private party 💐 wedding ♤ many more📫 mycateringg@gmail.com☎ 081387270726☎ 08999067479Jakarta,mycateringg@gmail.com,134,246,2138665220,-0W44Lg3XE,Mycateringid,jhaudio,mycateringid,,https://www.instagram.com/mycateringid
,raphael@raphaelsepulveda.com,549,115,21741506,BSjpl1IjBJ4,raphaelsepulveda,jhaudio,raphaelsepulveda,,https://www.instagram.com/raphaelsepulveda
,Chiebuniem@gmail.com,1279,3441,521902618,BTQtba3DCgP,Pascal Chiebuniem Okafor,jhaudio,chiebuniem,,https://www.instagram.com/chiebuniem
,Esbin.adony@gmail.com,931,1151,17661723,BT49YOkgqEV,esbn,jhaudio,esbn,,https://www.instagram.com/esbn
,Merakiautos@gmail.com.my,1124,5070,397940258,null,Frantic Ferdous,jhaudio,franticferdous,,https://www.instagram.com/franticferdous
